<?xml version="1.0" encoding="UTF-8"?>
<MavenIntegrationFormat GenerationTime="2021-09-04T11:48:24" GeneratingUserLogin="Not Available" GeneratingSystem="Maven" DateFormat="MM/dd/yyyy">
    <InvestigationTemplateDefinition Name="Lab Work" Description="Lab Work">
        <ViewConstruction>
            <ViewConstructionField Name="ExternalID" Source="ExternalID" MaxLength="-1"/>
            <ViewConstructionField Name="Specimen Date" Source="SpecimenInfo.SpecimenDate" MaxLength="30"/>
            <ViewConstructionField Name="Specimen Number" Source="SpecimenInfo.SpecimenNumber" MaxLength="30"/>
            <ViewConstructionField Name="Specimen Source" Source="SpecimenInfo.SpecimenSource" MaxLength="30"/>
        </ViewConstruction>
        <TypeConstruction Name="Type">
            <TypeConstructionField Type="Spacer" Value="Spec Date:"/>
            <TypeConstructionField Type="Field" Value="SpecimenInfo.SpecimenDate"/>
            <TypeConstructionField Type="Spacer" Value="Spec Source:"/>
            <TypeConstructionField Type="Field" Value="SpecimenInfo.SpecimenSource"/>
            <TypeConstructionField Type="Spacer" Value="Spec Number:"/>
            <TypeConstructionField Type="Field" Value="SpecimenInfo.SpecimenNumber"/>
        </TypeConstruction>
        <TypeConstruction Name="ExternalId">
            <TypeConstructionField Type="Field" Value="SpecimenInfo.SpecimenDate"/>
            <TypeConstructionField Type="Spacer" Value="_"/>
            <TypeConstructionField Type="Field" Value="SpecimenInfo.SpecimenNumber"/>
            <TypeConstructionField Type="Spacer" Value="_"/>
            <TypeConstructionField Type="Field" Value="SpecimenInfo.SpecimenSource"/>
        </TypeConstruction>
        <ExpectedResult ShowResultDate="true" RequireResultDate="false" AuditResultDate="false" ShowCreateDates="true" AllowUploads="false" InvestigationResultCode="SpecimenInfo" InvestigationResultDescription="Specimen Info" Cardinality="Single" Rendering="Horizontal">
            <ExpectedResultField FieldName="SpecimenDate" FieldDescription="Specimen Date" FieldValueRequired="true" FieldValueType="Date" Validator="None" MessageOnly="false" Editable="true" Visible="true" Searchable="No" Auditable="false" RenderAsPicker="false" FieldValueCodeAutoEntry="false" FieldNameColumnCount="1" FieldValueColumnCount="1" FieldLength="20" BreakAfter="false"/>
            <ExpectedResultField FieldName="SpecimenNumber" FieldDescription="Specimen Number" FieldValueRequired="true" FieldValueType="String" Validator="None" MessageOnly="false" Editable="true" Visible="true" Searchable="No" Auditable="false" RenderAsPicker="false" FieldValueCodeAutoEntry="false" FieldNameColumnCount="1" FieldValueColumnCount="1" FieldLength="22" BreakAfter="false"/>
            <ExpectedResultField FieldName="SpecimenSource" FieldDescription="Specimen Source" FieldValueRequired="true" FieldValueType="Code" Validator="None" MessageOnly="false" Editable="true" Visible="true" Searchable="No" Auditable="false" RenderAsPicker="false" FieldValueCode="SPECIMEN_SOURCES" FieldValueCodeAutoEntry="false" FieldNameColumnCount="1" FieldValueColumnCount="1" FieldLength="20" BreakAfter="true"/>
            <ExpectedResultField FieldName="SpecimenCollectionVolume" FieldDescription="Specimen Collection Volume" FieldValueRequired="false" FieldValueType="String" Validator="None" MessageOnly="false" Editable="true" Visible="true" Searchable="No" Auditable="false" RenderAsPicker="false" FieldValueCodeAutoEntry="false" FieldNameColumnCount="1" FieldValueColumnCount="1" FieldLength="20" BreakAfter="false"/>
            <ExpectedResultField FieldName="SpecimenCollectionVolumeUnits" FieldDescription="Specimen Collection Volume Units" FieldValueRequired="false" FieldValueType="String" Validator="None" MessageOnly="false" Editable="true" Visible="true" Searchable="No" Auditable="false" RenderAsPicker="false" FieldValueCodeAutoEntry="false" FieldNameColumnCount="1" FieldValueColumnCount="1" FieldLength="20" BreakAfter="false"/>
            <ExpectedResultField FieldName="SpecimenReceivedDate" FieldDescription="Specimen Received Date" FieldValueRequired="false" FieldValueType="Date" Validator="None" MessageOnly="false" Editable="true" Visible="true" Searchable="No" Auditable="false" RenderAsPicker="false" FieldValueCodeAutoEntry="false" FieldNameColumnCount="1" FieldValueColumnCount="1" FieldLength="20" BreakAfter="true"/>
            <ExpectedResultField FieldName="ResultStatus" FieldDescription="Report Status" FieldValueRequired="false" FieldValueType="String" Validator="None" MessageOnly="false" Editable="true" Visible="true" Searchable="No" Auditable="false" RenderAsPicker="false" FieldValueCodeAutoEntry="false" FieldNameColumnCount="1" FieldValueColumnCount="1" FieldLength="20" BreakAfter="false"/>
            <ExpectedResultField FieldName="ResultsChangeDate" FieldDescription="Report Change Date" FieldValueRequired="false" FieldValueType="Date" Validator="None" MessageOnly="false" Editable="true" Visible="true" Searchable="No" Auditable="false" RenderAsPicker="false" FieldValueCodeAutoEntry="false" FieldNameColumnCount="1" FieldValueColumnCount="1" FieldLength="20" BreakAfter="false"/>
        </ExpectedResult>
        <ExpectedResult ShowResultDate="true" RequireResultDate="false" ShowCreateDates="false" AllowUploads="false" InvestigationResultCode="Test" InvestigationResultDescription="Tests" Cardinality="Multiple" Rendering="Horizontal">
            <ExpectedResultField FieldName="Test" FieldDescription="Test" FieldValueRequired="true" FieldValueType="Code" Validator="None" MessageOnly="false" Editable="true" Visible="true" Searchable="No" RenderAsPicker="false" FieldValueCode="LOINC_LABTEST" FieldValueCodeAutoEntry="true" FieldNameColumnCount="1" FieldValueColumnCount="1" FieldLength="20" BreakAfter="false"/>
            <ExpectedResultField FieldName="Result" FieldDescription="Result" FieldValueRequired="true" FieldValueType="Code" Validator="None" MessageOnly="false" Editable="true" Visible="true" Searchable="No" RenderAsPicker="false" FieldValueCode="SNOMED_LABTEST" FieldValueCodeAutoEntry="true" FieldNameColumnCount="1" FieldValueColumnCount="1" FieldLength="20" BreakAfter="true"/>
            <ExpectedResultField FieldName="ResultValue" FieldDescription="Result Value" FieldValueRequired="false" FieldValueType="String" Validator="None" MessageOnly="false" Editable="true" Visible="true" Searchable="No" RenderAsPicker="false" FieldValueCodeAutoEntry="false" FieldNameColumnCount="1" FieldValueColumnCount="1" FieldLength="10" BreakAfter="false"/>
            <ExpectedResultField FieldName="ResultUnits" FieldDescription="Result Units" FieldValueRequired="false" FieldValueType="String" Validator="None" MessageOnly="false" Editable="true" Visible="true" Searchable="No" RenderAsPicker="false" FieldValueCodeAutoEntry="false" FieldNameColumnCount="1" FieldValueColumnCount="1" FieldLength="8" BreakAfter="false"/>
            <ExpectedResultField FieldName="ReferenceRange" FieldDescription="Ref Range" FieldValueRequired="false" FieldValueType="String" Validator="None" MessageOnly="false" Editable="true" Visible="true" Searchable="No" RenderAsPicker="false" FieldValueCodeAutoEntry="false" FieldNameColumnCount="1" FieldValueColumnCount="1" FieldLength="8" BreakAfter="true"/>
            <ExpectedResultField FieldName="TestLocalDescription" FieldDescription="Test Local Desc" FieldValueRequired="false" FieldValueType="String" Validator="None" MessageOnly="false" Editable="true" Visible="true" Searchable="No" RenderAsPicker="false" FieldValueCodeAutoEntry="false" FieldNameColumnCount="1" FieldValueColumnCount="1" FieldLength="40" BreakAfter="false"/>
            <ExpectedResultField FieldName="TestLocalCode" FieldDescription="Test Local Code" FieldValueRequired="false" FieldValueType="String" Validator="None" MessageOnly="false" Editable="true" Visible="true" Searchable="No" RenderAsPicker="false" FieldValueCodeAutoEntry="false" FieldNameColumnCount="1" FieldValueColumnCount="1" FieldLength="20" BreakAfter="false"/>
            <ExpectedResultField FieldName="ResultStatus" FieldDescription="Result Status" FieldValueRequired="false" FieldValueType="String" Validator="None" MessageOnly="false" Editable="true" Visible="true" Searchable="No" RenderAsPicker="false" FieldValueCodeAutoEntry="false" FieldNameColumnCount="1" FieldValueColumnCount="1" FieldLength="26" BreakAfter="true"/>
            <ExpectedResultField FieldName="ResultLocalDescription" FieldDescription="Result Local Desc" FieldValueRequired="false" FieldValueType="String" Validator="None" MessageOnly="false" Editable="true" Visible="true" Searchable="No" RenderAsPicker="false" FieldValueCodeAutoEntry="false" FieldNameColumnCount="1" FieldValueColumnCount="1" FieldLength="40" BreakAfter="false"/>
            <ExpectedResultField FieldName="ResultLocalCode" FieldDescription="Result Local Code" FieldValueRequired="false" FieldValueType="String" Validator="None" MessageOnly="false" Editable="true" Visible="true" Searchable="No" RenderAsPicker="false" FieldValueCodeAutoEntry="false" FieldNameColumnCount="1" FieldValueColumnCount="1" FieldLength="20" BreakAfter="true"/>
            <ExpectedResultField FieldName="PFGEKey" FieldDescription="PFGE Key" ViewGroup="" FieldValueRequired="false" FieldValueType="String" Validator="None" Default="" MessageOnly="false" Editable="true" Visible="true" Searchable="No" RenderAsPicker="false" FieldValueCodeAutoEntry="false" FieldNameColumnCount="1" FieldValueColumnCount="1" FieldLength="30" BreakAfter="false"/>
            <ExpectedResultField FieldName="PFGEPattern" FieldDescription="PFGE Pattern (HOU)" ViewGroup="" FieldValueRequired="false" FieldValueType="String" Validator="None" Default="" MessageOnly="false" Editable="true" Visible="true" Searchable="No" RenderAsPicker="false" FieldValueCodeAutoEntry="false" FieldNameColumnCount="1" FieldValueColumnCount="1" FieldLength="30" BreakAfter="false"/>
            <ExpectedResultField FieldName="PFGEPatternXbal" FieldDescription="PFGE Pattern (Xbal)" ViewGroup="" FieldValueRequired="false" FieldValueType="String" Validator="None" Default="" MessageOnly="false" Editable="true" Visible="true" Searchable="No" RenderAsPicker="false" FieldValueCodeAutoEntry="false" FieldNameColumnCount="1" FieldValueColumnCount="1" FieldLength="30" BreakAfter="true"/>
            <ExpectedResultField FieldName="Comments" FieldDescription="Comments" FieldValueRequired="false" FieldValueType="TextArea" Validator="None" MessageOnly="false" Editable="true" Visible="true" Searchable="No" RenderAsPicker="false" FieldValueCodeAutoEntry="false" FieldNameColumnCount="1" FieldValueColumnCount="1" FieldLength="20" BreakAfter="false"/>
            <ExpectedResultField FieldName="MessageOnly" FieldDescription="Result Date MUST be filled in for case submission to DSHS" ViewGroup="" FieldValueRequired="true" FieldValueType="String" Validator="None" Default="" Expression="" MessageOnly="true" Editable="false" Visible="true" Searchable="No" RenderAsPicker="false" FieldNameColumnCount="1" FieldValueColumnCount="1" FieldLength="20" BreakAfter="false"/>
        </ExpectedResult>
        <ExpectedResult ShowResultDate="true" RequireResultDate="false" ShowCreateDates="false" AllowUploads="false" InvestigationResultCode="Susceptibility" InvestigationResultDescription="Susceptibilities" Cardinality="Multiple" Rendering="Horizontal">
            <ExpectedResultField FieldName="Method" FieldDescription="Method" FieldValueRequired="false" FieldValueType="Code" Validator="None" Default="N/A" Searchable="No" FieldValueCode="SUSCEPTIBILITY_METHOD"/>
            <ExpectedResultField FieldName="Test" FieldDescription="Test" FieldValueRequired="false" FieldValueType="Code" Validator="None" Searchable="No" FieldValueCode="LOINC_SENSITIVITY"/>
            <ExpectedResultField FieldName="Result" FieldDescription="Result" FieldValueRequired="false" FieldValueType="Code" Validator="None" Searchable="No" FieldValueCode="SUSCEPTIBILITY" FieldValueCodeAutoEntry="true" BreakAfter="true"/>
            <ExpectedResultField FieldName="ResultValue" FieldDescription="Result Value" FieldValueRequired="false" FieldValueType="String" Validator="None" Searchable="No" FieldLength="10"/>
            <ExpectedResultField FieldName="ResultUnits" FieldDescription="Result Units" FieldValueRequired="false" FieldValueType="String" Validator="None" Searchable="No" FieldLength="8" BreakAfter="true"/>
            <ExpectedResultField FieldName="ResultStatus" FieldDescription="Result Status" FieldValueRequired="false" FieldValueType="String" Validator="None" Searchable="No" FieldLength="26"/>
            <ExpectedResultField FieldName="TestLocalDescription" FieldDescription="Test Local Desc" FieldValueRequired="false" FieldValueType="String" Validator="None" Searchable="No" FieldLength="40"/>
            <ExpectedResultField FieldName="TestLocalCode" FieldDescription="Test Local Code" FieldValueRequired="false" FieldValueType="String" Validator="None" Searchable="No"/>
            <ExpectedResultField FieldName="Comments" FieldDescription="Comments" FieldValueRequired="false" FieldValueType="TextArea" Validator="None" Searchable="No"/>
        </ExpectedResult>
        <ExpectedResult ShowResultDate="false" RequireResultDate="false" ShowCreateDates="false" AllowUploads="false" InvestigationResultCode="LabFacility" InvestigationResultDescription="Lab Facility name must be filled in for DSHS submission" Cardinality="Single" Rendering="Vertical">
            <ExpectedResultField FieldName="Facility" FieldDescription="Lab Facility" ViewGroup="" FieldValueRequired="true" FieldValueType="Code" Validator="None" Default="" Expression="" MessageOnly="false" Editable="true" Visible="true" Searchable="No" RenderAsPicker="false" FieldValueCode="LAB_FACILITY" FieldValueCodeAutoEntry="true" FieldNameColumnCount="1" FieldValueColumnCount="1" FieldLength="20" BreakAfter="false"/>
            <ExpectedResultField FieldName="Facility_Other" FieldDescription="Lab Facility (Other)" FieldValueRequired="false" FieldValueType="String" Validator="None" MessageOnly="false" Editable="true" Visible="true" Searchable="No" RenderAsPicker="false" FieldValueCodeAutoEntry="false" FieldNameColumnCount="1" FieldValueColumnCount="1" FieldLength="50" BreakAfter="false"/>
            <ExpectedResultField FieldName="CLIA" FieldDescription="CLIA" FieldValueRequired="false" FieldValueType="String" Validator="None" MessageOnly="false" Editable="true" Visible="true" Searchable="No" RenderAsPicker="false" FieldValueCodeAutoEntry="false" FieldNameColumnCount="1" FieldValueColumnCount="1" FieldLength="20" BreakAfter="false"/>
        </ExpectedResult>
        <ExpectedResult ShowResultDate="false" RequireResultDate="false" ShowCreateDates="false" AllowUploads="false" InvestigationResultCode="OrderingFacility" InvestigationResultDescription="Ordering Facility name must be filled in for DSHS submission" Cardinality="Single" Rendering="Vertical">
            <ExpectedResultField FieldName="Facility" FieldDescription="Ordering Facility" ViewGroup="" FieldValueRequired="true" FieldValueType="Code" Validator="None" Default="" Expression="" MessageOnly="false" Editable="true" Visible="true" Searchable="No" RenderAsPicker="false" FieldValueCode="HEALTH_FACILITY" FieldValueCodeAutoEntry="true" FieldNameColumnCount="1" FieldValueColumnCount="1" FieldLength="20" BreakAfter="false"/>
            <ExpectedResultField FieldName="Facility_Other" FieldDescription="Ordering Facility (Other)" FieldValueRequired="false" FieldValueType="String" Validator="None" MessageOnly="false" Editable="true" Visible="true" Searchable="No" RenderAsPicker="false" FieldValueCodeAutoEntry="false" FieldNameColumnCount="1" FieldValueColumnCount="1" FieldLength="136" BreakAfter="false"/>
            <ExpectedResultField FieldName="CLIA" FieldDescription="CLIA" FieldValueRequired="false" FieldValueType="String" Validator="None" MessageOnly="false" Editable="true" Visible="true" Searchable="No" RenderAsPicker="false" FieldValueCodeAutoEntry="false" FieldNameColumnCount="1" FieldValueColumnCount="1" FieldLength="20" BreakAfter="false"/>
        </ExpectedResult>
        <ExpectedResult ShowResultDate="false" RequireResultDate="false" ShowCreateDates="false" AllowUploads="false" InvestigationResultCode="OrderingProvider" InvestigationResultDescription="Ordering Provider name must be filled in for DSHS submission" Cardinality="Single" Rendering="Vertical">
            <ExpectedResultField FieldName="Name" FieldDescription="Name (LastName, FirstName)" FieldValueRequired="true" FieldValueType="String" Validator="None" MessageOnly="false" Editable="true" Visible="true" Searchable="No" RenderAsPicker="false" FieldValueCodeAutoEntry="false" FieldNameColumnCount="1" FieldValueColumnCount="1" FieldLength="50" BreakAfter="false"/>
            <ExpectedResultField FieldName="Address" FieldDescription="Address" FieldValueRequired="false" FieldValueType="String" Validator="None" MessageOnly="false" Editable="true" Visible="true" Searchable="No" RenderAsPicker="false" FieldValueCodeAutoEntry="false" FieldNameColumnCount="1" FieldValueColumnCount="1" FieldLength="50" BreakAfter="false"/>
            <ExpectedResultField FieldName="City" FieldDescription="City" FieldValueRequired="false" FieldValueType="String" Validator="None" MessageOnly="false" Editable="true" Visible="true" Searchable="No" RenderAsPicker="false" FieldValueCodeAutoEntry="false" FieldNameColumnCount="1" FieldValueColumnCount="1" FieldLength="50" BreakAfter="false"/>
            <ExpectedResultField FieldName="State" FieldDescription="State" FieldValueRequired="false" FieldValueType="String" Validator="None" MessageOnly="false" Editable="true" Visible="true" Searchable="No" RenderAsPicker="false" FieldValueCodeAutoEntry="false" FieldNameColumnCount="1" FieldValueColumnCount="1" FieldLength="50" BreakAfter="false"/>
            <ExpectedResultField FieldName="PostalCode" FieldDescription="Zip" FieldValueRequired="false" FieldValueType="String" Validator="None" MessageOnly="false" Editable="true" Visible="true" Searchable="No" RenderAsPicker="false" FieldValueCodeAutoEntry="false" FieldNameColumnCount="1" FieldValueColumnCount="1" FieldLength="50" BreakAfter="false"/>
            <ExpectedResultField FieldName="Phone" FieldDescription="Phone" FieldValueRequired="false" FieldValueType="String" Validator="None" MessageOnly="false" Editable="true" Visible="true" Searchable="No" RenderAsPicker="false" FieldValueCodeAutoEntry="false" FieldNameColumnCount="1" FieldValueColumnCount="1" FieldLength="50" BreakAfter="false"/>
        </ExpectedResult>
        <ExpectedResult ShowResultDate="false" RequireResultDate="false" ShowCreateDates="false" AllowUploads="false" InvestigationResultCode="Misc" InvestigationResultDescription="Misc Info- Medical Record Number Assigning Facility must be filled in for DSHS submission" Cardinality="Single" Rendering="Vertical">
            <ExpectedResultField FieldName="Medical_Record_Number" FieldDescription="Medical Record Number" FieldValueRequired="false" FieldValueType="String" Validator="None" MessageOnly="false" Editable="true" Visible="true" Searchable="No" RenderAsPicker="false" FieldValueCodeAutoEntry="false" FieldNameColumnCount="1" FieldValueColumnCount="1" FieldLength="50" BreakAfter="false"/>
            <ExpectedResultField FieldName="Medical_Record_Number_Facility" FieldDescription="Medical Record Number Assigning Facility" FieldValueRequired="true" FieldValueType="String" Validator="None" MessageOnly="false" Editable="true" Visible="true" Searchable="No" RenderAsPicker="false" FieldValueCodeAutoEntry="false" FieldNameColumnCount="1" FieldValueColumnCount="1" FieldLength="50" BreakAfter="false"/>
            <ExpectedResultField FieldName="IsolateSentToSLI" FieldDescription="Isolate sent to SLI" FieldValueRequired="false" FieldValueType="Enumeration" Validator="None" MessageOnly="false" Editable="true" Visible="true" Searchable="No" RenderAsPicker="false" FieldValueCode="Binary.Answer" FieldValueCodeAutoEntry="false" FieldNameColumnCount="1" FieldValueColumnCount="1" FieldLength="20" BreakAfter="false"/>
            <ExpectedResultField FieldName="Notes" FieldDescription="Notes" FieldValueRequired="false" FieldValueType="TextArea" Validator="None" MessageOnly="false" Editable="true" Visible="true" Searchable="No" RenderAsPicker="false" FieldValueCodeAutoEntry="false" FieldNameColumnCount="1" FieldValueColumnCount="1" FieldLength="20" BreakAfter="false"/>
            <ExpectedResultField FieldName="PopulatedBy" FieldDescription="Populated By" FieldValueRequired="true" FieldValueType="String" Validator="None" MessageOnly="false" Editable="true" Visible="true" Searchable="No" RenderAsPicker="false" FieldValueCodeAutoEntry="false" FieldNameColumnCount="1" FieldValueColumnCount="1" FieldLength="50" BreakAfter="false"/>
        </ExpectedResult>
    </InvestigationTemplateDefinition>
    <InvestigationTemplateDefinition Name="eCR" Description="Electronic Case Report Lab Information">
        <ViewConstruction>
            <ViewConstructionField Name="ExternalID" Source="ExternalID" MaxLength="-1"/>
            <ViewConstructionField Name="Specimen Date" Source="SpecimenInfo.SpecimenDate" MaxLength="30"/>
            <ViewConstructionField Name="Specimen Number" Source="SpecimenInfo.SpecimenNumber" MaxLength="30"/>
            <ViewConstructionField Name="Specimen Source" Source="SpecimenInfo.SpecimenSource" MaxLength="30"/>
        </ViewConstruction>
        <TypeConstruction Name="Type">
            <TypeConstructionField Type="Spacer" Value="Templ Type:"/>
            <TypeConstructionField Type="Field" Value="TemplateType.TemplateName"/>
            <TypeConstructionField Type="Spacer" Value="Spec Date:"/>
            <TypeConstructionField Type="Field" Value="SpecimenInfo.SpecimenDate"/>
            <TypeConstructionField Type="Spacer" Value="Spec Number:"/>
            <TypeConstructionField Type="Field" Value="SpecimenInfo.SpecimenNumber"/>
            <TypeConstructionField Type="Spacer" Value="Spec Source:"/>
            <TypeConstructionField Type="Field" Value="SpecimenInfo.SpecimenSource"/>
        </TypeConstruction>
        <TypeConstruction Name="ExternalId">
            <TypeConstructionField Type="Field" Value="TemplateType.TemplateName"/>
            <TypeConstructionField Type="Spacer" Value="_"/>
            <TypeConstructionField Type="Field" Value="SpecimenInfo.SpecimenDate"/>
            <TypeConstructionField Type="Spacer" Value="_"/>
            <TypeConstructionField Type="Field" Value="SpecimenInfo.SpecimenNumber"/>
            <TypeConstructionField Type="Spacer" Value="_"/>
            <TypeConstructionField Type="Field" Value="SpecimenInfo.SpecimenSource"/>
        </TypeConstruction>
        <ExpectedResult ShowResultDate="false" RequireResultDate="false" AuditResultDate="false" ShowCreateDates="false" AllowUploads="false" InvestigationResultCode="TemplateType" InvestigationResultDescription="Type of Template" Cardinality="Single" Rendering="Horizontal">
            <ExpectedResultField FieldName="TemplateName" FieldDescription="Source of Lab Info" ViewGroup="" FieldValueRequired="true" FieldValueType="String" Validator="None" Default="ECR" Expression="" MessageOnly="false" Editable="false" Visible="true" Searchable="No" Auditable="false" RenderAsPicker="false" FieldValueCode="LAB_INFORMATION_ORIGIN" FieldValueCodeAutoEntry="false" FieldNameColumnCount="1" FieldValueColumnCount="1" FieldLength="20" BreakAfter="false"/>
        </ExpectedResult>
        <ExpectedResult ShowResultDate="false" ShowCreateDates="false" AllowUploads="false" InvestigationResultCode="SpecimenInfo" InvestigationResultDescription="Specimen Info" Cardinality="Single" Rendering="Horizontal">
            <ExpectedResultField FieldName="SpecimenDate" FieldDescription="Specimen Date" FieldValueRequired="true" FieldValueType="Date" Validator="None" Searchable="No"/>
            <ExpectedResultField FieldName="SpecimenNumber" FieldDescription="Specimen Number" FieldValueRequired="true" FieldValueType="String" Validator="None" Searchable="No" FieldLength="22"/>
            <ExpectedResultField FieldName="SpecimenSource" FieldDescription="Specimen Source" FieldValueRequired="true" FieldValueType="Code" Validator="None" Searchable="No" FieldValueCode="SPECIMEN_SOURCES" BreakAfter="true"/>
            <ExpectedResultField FieldName="SpecimenCollectionVolume" FieldDescription="Specimen Collection Volume" FieldValueRequired="false" FieldValueType="String" Validator="None" Searchable="No"/>
            <ExpectedResultField FieldName="SpecimenCollectionVolumeUnits" FieldDescription="Specimen Collection Volume Units" FieldValueRequired="false" FieldValueType="String" Validator="None" Searchable="No"/>
            <ExpectedResultField FieldName="SpecimenReceivedDate" FieldDescription="Specimen Received Date" FieldValueRequired="false" FieldValueType="Date" Validator="None" Searchable="No" BreakAfter="true"/>
            <ExpectedResultField FieldName="ResultStatus" FieldDescription="Report Status" FieldValueRequired="false" FieldValueType="String" Validator="None" Searchable="No"/>
            <ExpectedResultField FieldName="ResultsChangeDate" FieldDescription="Report Change Date" FieldValueRequired="false" FieldValueType="Date" Validator="None" Searchable="No"/>
        </ExpectedResult>
        <ExpectedResult ShowResultDate="true" RequireResultDate="false" ShowCreateDates="false" AllowUploads="false" InvestigationResultCode="Test" InvestigationResultDescription="Tests" Cardinality="Multiple" Rendering="Horizontal">
            <ExpectedResultField FieldName="Test" FieldDescription="Test" FieldValueRequired="true" FieldValueType="Code" Validator="None" MessageOnly="false" Editable="true" Visible="true" Searchable="No" RenderAsPicker="false" FieldValueCode="LOINC_LABTEST" FieldValueCodeAutoEntry="true" FieldNameColumnCount="1" FieldValueColumnCount="1" FieldLength="20" BreakAfter="false"/>
            <ExpectedResultField FieldName="Result" FieldDescription="Result" FieldValueRequired="true" FieldValueType="Code" Validator="None" MessageOnly="false" Editable="true" Visible="true" Searchable="No" RenderAsPicker="false" FieldValueCode="SNOMED_LABTEST" FieldValueCodeAutoEntry="true" FieldNameColumnCount="1" FieldValueColumnCount="1" FieldLength="20" BreakAfter="true"/>
            <ExpectedResultField FieldName="ResultValue" FieldDescription="Result Value" FieldValueRequired="false" FieldValueType="String" Validator="None" MessageOnly="false" Editable="true" Visible="true" Searchable="No" RenderAsPicker="false" FieldValueCodeAutoEntry="false" FieldNameColumnCount="1" FieldValueColumnCount="1" FieldLength="10" BreakAfter="false"/>
            <ExpectedResultField FieldName="ResultUnits" FieldDescription="Result Units" FieldValueRequired="false" FieldValueType="String" Validator="None" MessageOnly="false" Editable="true" Visible="true" Searchable="No" RenderAsPicker="false" FieldValueCodeAutoEntry="false" FieldNameColumnCount="1" FieldValueColumnCount="1" FieldLength="8" BreakAfter="false"/>
            <ExpectedResultField FieldName="ReferenceRange" FieldDescription="Ref Range" FieldValueRequired="false" FieldValueType="String" Validator="None" MessageOnly="false" Editable="true" Visible="true" Searchable="No" RenderAsPicker="false" FieldValueCodeAutoEntry="false" FieldNameColumnCount="1" FieldValueColumnCount="1" FieldLength="8" BreakAfter="true"/>
            <ExpectedResultField FieldName="TestLocalDescription" FieldDescription="Test Local Desc" FieldValueRequired="false" FieldValueType="String" Validator="None" MessageOnly="false" Editable="true" Visible="true" Searchable="No" RenderAsPicker="false" FieldValueCodeAutoEntry="false" FieldNameColumnCount="1" FieldValueColumnCount="1" FieldLength="40" BreakAfter="false"/>
            <ExpectedResultField FieldName="TestLocalCode" FieldDescription="Test Local Code" FieldValueRequired="false" FieldValueType="String" Validator="None" MessageOnly="false" Editable="true" Visible="true" Searchable="No" RenderAsPicker="false" FieldValueCodeAutoEntry="false" FieldNameColumnCount="1" FieldValueColumnCount="1" FieldLength="20" BreakAfter="false"/>
            <ExpectedResultField FieldName="ResultStatus" FieldDescription="Result Status" FieldValueRequired="false" FieldValueType="String" Validator="None" MessageOnly="false" Editable="true" Visible="true" Searchable="No" RenderAsPicker="false" FieldValueCodeAutoEntry="false" FieldNameColumnCount="1" FieldValueColumnCount="1" FieldLength="26" BreakAfter="true"/>
            <ExpectedResultField FieldName="ResultLocalDescription" FieldDescription="Result Local Desc" FieldValueRequired="false" FieldValueType="String" Validator="None" MessageOnly="false" Editable="true" Visible="true" Searchable="No" RenderAsPicker="false" FieldValueCodeAutoEntry="false" FieldNameColumnCount="1" FieldValueColumnCount="1" FieldLength="40" BreakAfter="false"/>
            <ExpectedResultField FieldName="ResultLocalCode" FieldDescription="Result Local Code" FieldValueRequired="false" FieldValueType="String" Validator="None" MessageOnly="false" Editable="true" Visible="true" Searchable="No" RenderAsPicker="false" FieldValueCodeAutoEntry="false" FieldNameColumnCount="1" FieldValueColumnCount="1" FieldLength="20" BreakAfter="true"/>
            <ExpectedResultField FieldName="PFGEKey" FieldDescription="PFGE Key" ViewGroup="" FieldValueRequired="false" FieldValueType="String" Validator="None" Default="" MessageOnly="false" Editable="true" Visible="true" Searchable="No" RenderAsPicker="false" FieldValueCodeAutoEntry="false" FieldNameColumnCount="1" FieldValueColumnCount="1" FieldLength="30" BreakAfter="false"/>
            <ExpectedResultField FieldName="PFGEPattern" FieldDescription="PFGE Pattern (HOU)" ViewGroup="" FieldValueRequired="false" FieldValueType="String" Validator="None" Default="" MessageOnly="false" Editable="true" Visible="true" Searchable="No" RenderAsPicker="false" FieldValueCodeAutoEntry="false" FieldNameColumnCount="1" FieldValueColumnCount="1" FieldLength="30" BreakAfter="false"/>
            <ExpectedResultField FieldName="PFGEPatternXbal" FieldDescription="PFGE Pattern (Xbal)" ViewGroup="" FieldValueRequired="false" FieldValueType="String" Validator="None" Default="" MessageOnly="false" Editable="true" Visible="true" Searchable="No" RenderAsPicker="false" FieldValueCodeAutoEntry="false" FieldNameColumnCount="1" FieldValueColumnCount="1" FieldLength="30" BreakAfter="true"/>
            <ExpectedResultField FieldName="Comments" FieldDescription="Comments" FieldValueRequired="false" FieldValueType="TextArea" Validator="None" MessageOnly="false" Editable="true" Visible="true" Searchable="No" RenderAsPicker="false" FieldValueCodeAutoEntry="false" FieldNameColumnCount="1" FieldValueColumnCount="1" FieldLength="20" BreakAfter="false"/>
            <ExpectedResultField FieldName="MessageOnly" FieldDescription="Result Date MUST be filled in for case submission to DSHS" ViewGroup="" FieldValueRequired="true" FieldValueType="String" Validator="None" Default="" Expression="" MessageOnly="true" Editable="false" Visible="true" Searchable="No" RenderAsPicker="false" FieldNameColumnCount="1" FieldValueColumnCount="1" FieldLength="20" BreakAfter="false"/>
        </ExpectedResult>
        <ExpectedResult ShowResultDate="true" RequireResultDate="false" ShowCreateDates="false" AllowUploads="false" InvestigationResultCode="Susceptibility" InvestigationResultDescription="Susceptibilities" Cardinality="Multiple" Rendering="Horizontal">
            <ExpectedResultField FieldName="Method" FieldDescription="Method" FieldValueRequired="false" FieldValueType="Code" Validator="None" Default="N/A" Searchable="No" FieldValueCode="SUSCEPTIBILITY_METHOD"/>
            <ExpectedResultField FieldName="Test" FieldDescription="Test" FieldValueRequired="false" FieldValueType="Code" Validator="None" Searchable="No" FieldValueCode="LOINC_SENSITIVITY"/>
            <ExpectedResultField FieldName="Result" FieldDescription="Result" FieldValueRequired="false" FieldValueType="Code" Validator="None" Searchable="No" FieldValueCode="SUSCEPTIBILITY" FieldValueCodeAutoEntry="true" BreakAfter="true"/>
            <ExpectedResultField FieldName="ResultValue" FieldDescription="Result Value" FieldValueRequired="false" FieldValueType="String" Validator="None" Searchable="No" FieldLength="10"/>
            <ExpectedResultField FieldName="ResultUnits" FieldDescription="Result Units" FieldValueRequired="false" FieldValueType="String" Validator="None" Searchable="No" FieldLength="8" BreakAfter="true"/>
            <ExpectedResultField FieldName="ResultStatus" FieldDescription="Result Status" FieldValueRequired="false" FieldValueType="String" Validator="None" Searchable="No" FieldLength="26"/>
            <ExpectedResultField FieldName="TestLocalDescription" FieldDescription="Test Local Desc" FieldValueRequired="false" FieldValueType="String" Validator="None" Searchable="No" FieldLength="40"/>
            <ExpectedResultField FieldName="TestLocalCode" FieldDescription="Test Local Code" FieldValueRequired="false" FieldValueType="String" Validator="None" Searchable="No"/>
            <ExpectedResultField FieldName="Comments" FieldDescription="Comments" FieldValueRequired="false" FieldValueType="TextArea" Validator="None" Searchable="No"/>
        </ExpectedResult>
        <ExpectedResult ShowResultDate="false" RequireResultDate="false" AuditResultDate="false" ShowCreateDates="true" AllowUploads="false" InvestigationResultCode="LabFacility" InvestigationResultDescription="Lab Facility - Lab Facility Name MUST be filled in for case submission to DSHS" Cardinality="Single" Rendering="Vertical">
            <ExpectedResultField FieldName="Facility" FieldDescription="Lab Facility" ViewGroup="" FieldValueRequired="true" FieldValueType="Code" Validator="None" Default="" Expression="" MessageOnly="false" Editable="true" Visible="true" Searchable="No" Auditable="false" RenderAsPicker="false" FieldValueCode="LAB_FACILITY" FieldValueCodeAutoEntry="true" FieldNameColumnCount="1" FieldValueColumnCount="1" FieldLength="20" BreakAfter="false"/>
            <ExpectedResultField FieldName="Facility_Other" FieldDescription="Lab Facility (Other)" FieldValueRequired="false" FieldValueType="String" Validator="None" MessageOnly="false" Editable="true" Visible="true" Searchable="No" Auditable="false" RenderAsPicker="false" FieldValueCodeAutoEntry="false" FieldNameColumnCount="1" FieldValueColumnCount="1" FieldLength="50" BreakAfter="false"/>
            <ExpectedResultField FieldName="CLIA" FieldDescription="CLIA" FieldValueRequired="false" FieldValueType="String" Validator="None" MessageOnly="false" Editable="true" Visible="true" Searchable="No" Auditable="false" RenderAsPicker="false" FieldValueCodeAutoEntry="false" FieldNameColumnCount="1" FieldValueColumnCount="1" FieldLength="20" BreakAfter="false"/>
        </ExpectedResult>
        <ExpectedResult ShowResultDate="false" RequireResultDate="false" ShowCreateDates="false" AllowUploads="false" InvestigationResultCode="OrderingFacility" InvestigationResultDescription="Ordering Facility - Ordering Facility Name MUST be filled in for case submission to DSHS" Cardinality="Single" Rendering="Vertical">
            <ExpectedResultField FieldName="Facility" FieldDescription="Ordering Facility" ViewGroup="" FieldValueRequired="true" FieldValueType="Code" Validator="None" Default="" Expression="" MessageOnly="false" Editable="true" Visible="true" Searchable="No" RenderAsPicker="false" FieldValueCode="HEALTH_FACILITY" FieldValueCodeAutoEntry="true" FieldNameColumnCount="1" FieldValueColumnCount="1" FieldLength="20" BreakAfter="false"/>
            <ExpectedResultField FieldName="Facility_Other" FieldDescription="Ordering Facility (Other)" FieldValueRequired="false" FieldValueType="String" Validator="None" MessageOnly="false" Editable="true" Visible="true" Searchable="No" RenderAsPicker="false" FieldValueCodeAutoEntry="false" FieldNameColumnCount="1" FieldValueColumnCount="1" FieldLength="136" BreakAfter="false"/>
            <ExpectedResultField FieldName="CLIA" FieldDescription="CLIA" FieldValueRequired="false" FieldValueType="String" Validator="None" MessageOnly="false" Editable="true" Visible="true" Searchable="No" RenderAsPicker="false" FieldValueCodeAutoEntry="false" FieldNameColumnCount="1" FieldValueColumnCount="1" FieldLength="20" BreakAfter="false"/>
        </ExpectedResult>
        <ExpectedResult ShowResultDate="false" RequireResultDate="false" ShowCreateDates="false" AllowUploads="false" InvestigationResultCode="OrderingProvider" InvestigationResultDescription="Ordering Provider- Ordering Provider Name MUST be filled in for case submission to DSHS" Cardinality="Single" Rendering="Vertical">
            <ExpectedResultField FieldName="Name" FieldDescription="Name (LastName, FirstName)" FieldValueRequired="true" FieldValueType="String" Validator="None" MessageOnly="false" Editable="true" Visible="true" Searchable="No" RenderAsPicker="false" FieldValueCodeAutoEntry="false" FieldNameColumnCount="1" FieldValueColumnCount="1" FieldLength="50" BreakAfter="false"/>
            <ExpectedResultField FieldName="Address" FieldDescription="Address" FieldValueRequired="false" FieldValueType="String" Validator="None" MessageOnly="false" Editable="true" Visible="true" Searchable="No" RenderAsPicker="false" FieldValueCodeAutoEntry="false" FieldNameColumnCount="1" FieldValueColumnCount="1" FieldLength="50" BreakAfter="false"/>
            <ExpectedResultField FieldName="City" FieldDescription="City" FieldValueRequired="false" FieldValueType="String" Validator="None" MessageOnly="false" Editable="true" Visible="true" Searchable="No" RenderAsPicker="false" FieldValueCodeAutoEntry="false" FieldNameColumnCount="1" FieldValueColumnCount="1" FieldLength="50" BreakAfter="false"/>
            <ExpectedResultField FieldName="State" FieldDescription="State" FieldValueRequired="false" FieldValueType="String" Validator="None" MessageOnly="false" Editable="true" Visible="true" Searchable="No" RenderAsPicker="false" FieldValueCodeAutoEntry="false" FieldNameColumnCount="1" FieldValueColumnCount="1" FieldLength="50" BreakAfter="false"/>
            <ExpectedResultField FieldName="PostalCode" FieldDescription="Zip" FieldValueRequired="false" FieldValueType="String" Validator="None" MessageOnly="false" Editable="true" Visible="true" Searchable="No" RenderAsPicker="false" FieldValueCodeAutoEntry="false" FieldNameColumnCount="1" FieldValueColumnCount="1" FieldLength="50" BreakAfter="false"/>
            <ExpectedResultField FieldName="Phone" FieldDescription="Phone" FieldValueRequired="false" FieldValueType="String" Validator="None" MessageOnly="false" Editable="true" Visible="true" Searchable="No" RenderAsPicker="false" FieldValueCodeAutoEntry="false" FieldNameColumnCount="1" FieldValueColumnCount="1" FieldLength="50" BreakAfter="false"/>
        </ExpectedResult>
        <ExpectedResult ShowResultDate="false" RequireResultDate="false" ShowCreateDates="false" AllowUploads="false" InvestigationResultCode="Misc" InvestigationResultDescription="Misc Info- Medical Record Number Assigning Facility MUST be filled in for case submission to DSHS" Cardinality="Single" Rendering="Vertical">
            <ExpectedResultField FieldName="Medical_Record_Number" FieldDescription="Medical Record Number" FieldValueRequired="false" FieldValueType="String" Validator="None" MessageOnly="false" Editable="true" Visible="true" Searchable="No" RenderAsPicker="false" FieldValueCodeAutoEntry="false" FieldNameColumnCount="1" FieldValueColumnCount="1" FieldLength="50" BreakAfter="false"/>
            <ExpectedResultField FieldName="Medical_Record_Number_Facility" FieldDescription="Medical Record Number Assigning Facility" FieldValueRequired="true" FieldValueType="String" Validator="None" MessageOnly="false" Editable="true" Visible="true" Searchable="No" RenderAsPicker="false" FieldValueCodeAutoEntry="false" FieldNameColumnCount="1" FieldValueColumnCount="1" FieldLength="50" BreakAfter="false"/>
            <ExpectedResultField FieldName="IsolateSentToSLI" FieldDescription="Isolate sent to SLI" FieldValueRequired="false" FieldValueType="Enumeration" Validator="None" MessageOnly="false" Editable="true" Visible="true" Searchable="No" RenderAsPicker="false" FieldValueCode="Binary.Answer" FieldValueCodeAutoEntry="false" FieldNameColumnCount="1" FieldValueColumnCount="1" FieldLength="20" BreakAfter="false"/>
            <ExpectedResultField FieldName="Notes" FieldDescription="Notes" FieldValueRequired="false" FieldValueType="TextArea" Validator="None" MessageOnly="false" Editable="true" Visible="true" Searchable="No" RenderAsPicker="false" FieldValueCodeAutoEntry="false" FieldNameColumnCount="1" FieldValueColumnCount="1" FieldLength="20" BreakAfter="false"/>
            <ExpectedResultField FieldName="PopulatedBy" FieldDescription="Populated By" FieldValueRequired="true" FieldValueType="String" Validator="None" MessageOnly="false" Editable="true" Visible="true" Searchable="No" RenderAsPicker="false" FieldValueCodeAutoEntry="false" FieldNameColumnCount="1" FieldValueColumnCount="1" FieldLength="50" BreakAfter="false"/>
        </ExpectedResult>
    </InvestigationTemplateDefinition>
</MavenIntegrationFormat>