<?xml version="1.0" encoding="UTF-8"?>
<MavenIntegrationFormat GenerationTime="2021-09-04T11:48:24" GeneratingUserLogin="Not Available" GeneratingSystem="Maven" DateFormat="MM/dd/yyyy">
    <MessageTemplateDefinition TemplateID="Asynchronous Roster Import Failed" Description="Message Template for failed roster imports" Subject="{0} import has failed" Type="Alert" DeliveryMechanism="Email" Body="Dear $USER_FULL_NAME$, Your {0} import of file {1} has failed after processing for {2} s. You can log in and view the results and failure reasons on the roster imports page. Sincerely, Maven" Status="Enabled" Language="English American"/>
    <MessageTemplateDefinition TemplateID="Asynchronous Roster Import Successful" Description="Message Template for successful roster imports" Subject="{0} import has completed with {3} errors" Type="Notification" DeliveryMechanism="Email" Body="Dear $USER_FULL_NAME$, Your {0} import of file {1} executed in {2} s. There were {3} errors. You can log in and view the results on the roster imports page. Sincerely, Maven" Status="Enabled" Language="English American"/>
    <MessageTemplateDefinition TemplateID="Batch Process" Description="Message Template for the execution of a batch process" Subject="Batch process {0} has been run" Type="System Management" DeliveryMechanism="Email" Body="Batch task {0} executed in {1} ms. Exit code: {2}" Status="Enabled" Language="English American"/>
    <MessageTemplateDefinition TemplateID="Default Notification" Description="A Default Notification" Subject="You have been electronically notified" Type="Notification" DeliveryMechanism="Email" Body="Please respond by contacting appropriate authority and mention ${Case.CaseID}." Status="Enabled" Language="English American"/>
    <MessageTemplateDefinition TemplateID="Default Survey Template" Description="Default Message Template for surveys" Subject="Please complete this survey" Type="Survey" DeliveryMechanism="Email" Body="Dear ${Party.FullName}, Please complete this survey.  To begin, follow this link: {0} This link will expire at the end of {1}. Sincerely, Maven" Status="Enabled" Language="English American"/>
    <MessageTemplateDefinition TemplateID="Forgotten Username" Description="Message Template for a forgotten username" Subject="Your Username" Type="Security" DeliveryMechanism="Email" Body="You have requested to receive your username.  Your username is {0}." Status="Enabled" Language="English American"/>
    <MessageTemplateDefinition TemplateID="HL7Import Error" Description="Message Template for failed HL7 import e-mail" Subject="HL7 import failed for file &quot;{0}&quot;." Type="Alert" DeliveryMechanism="Email" Body="An HL7 import has failed while attempting to import the file &quot;{0}&quot;.  Please refer to the Maven logs for more information." Status="Enabled" Language="English American"/>
    <MessageTemplateDefinition TemplateID="New Account Notification" Description="Message Template for the notification for the creation of a new account" Subject="Account Created" Type="Security" DeliveryMechanism="Email" Body="Dear {0}, Your account for {2} has been created by the system administrator. Your temporary password is: {1} Upon your next login you will be required to change this temporary password. To make this change, please follow the link: {3}" Status="Enabled" Language="English American"/>
    <MessageTemplateDefinition TemplateID="New Password Notification" Description="Message Template for the notification for the creation of a new password" Subject="Temporary password" Type="Security" DeliveryMechanism="Email" Body="Dear {0}, Your password for {2} has been reset by the system administrator. Your temporary password is: {1} Upon your next login you will be required to change this temporary password. To make this change, please follow the link: {3}" Status="Enabled" Language="English American"/>
    <MessageTemplateDefinition TemplateID="Outbreak Detected" Description="Message Template for outbreak detection" Subject="Outbreak Alert: {0}" Type="Alert" DeliveryMechanism="Email" Body="A potential outbreak has been detected. Please login to the system to review the alert details. Sincerely, Maven" Status="Enabled" Language="English American"/>
    <MessageTemplateDefinition TemplateID="Password Reset" Description="Message Template for a password reset" Subject="Please confirm password reset" Type="Security" DeliveryMechanism="Email" Body="You have requested for your password to be reset.  If you did not reset your password, please contact the system administrator for additional assistance.  Please click on the link below to reset your password:" Status="Enabled" Language="English American"/>
    <MessageTemplateDefinition TemplateID="Password Reset Notification" Description="Message Template for the notification of a password reset" Subject="Password has been reset" Type="Security" DeliveryMechanism="Email" Body="Please contact {0} if you have not reset your password intentionally" Status="Enabled" Language="English American"/>
    <MessageTemplateDefinition TemplateID="Thread Failure" Description="Message Template for the notification of a thread failure" Subject="Thread {0} has stopped" Type="System Management" DeliveryMechanism="Email" Body=" The thread failed at {0}.  The stack trace is: {1} \n" Status="Enabled" Language="English American"/>
    <MessageTemplateDefinition TemplateID="Updated Task" Description="Message Template for an updated task" Subject="Task {0} was updated on {1}" Type="Task" DeliveryMechanism="Email" Body="The maven task {0} was updated on {1} by {2}.  Please login to review the changes." Status="Enabled" Language="English American"/>
    <MessageTemplateDefinition TemplateID="Updated Task For Case" Description="Message Template for an updated task for a case" Subject="Case ID {0} - Task {1} was updated on {2}" Type="Task" DeliveryMechanism="Email" Body="The maven task {0} was updated on {1} by {2} for case ID {3}.  Please login to review the changes." Status="Enabled" Language="English American"/>
    <MessageTemplateDefinition TemplateID="Welcome Message" Description="Welcome to Maven Message Template" Subject="Registration successful" Type="Notification" DeliveryMechanism="Email" Body="Your registration with Maven portal has been successful." Status="Enabled" Language="English American"/>
    <MessageTemplateDefinition TemplateID="Workflow Email Notification" Description="Message Template for workflow email notifications" Subject="New cases have entered workflow &quot;{0}&quot;." Type="Alert" DeliveryMechanism="Email" Body="New cases have entered workflow &quot;{0}&quot;. The list of the new cases is provided below" Status="Enabled" Language="English American"/>
</MavenIntegrationFormat>