<?xml version="1.0" encoding="UTF-8"?>
<MavenIntegrationFormat GenerationTime="2021-09-04T11:48:24" GeneratingUserLogin="Not Available" GeneratingSystem="Maven" DateFormat="MM/dd/yyyy">
    <ProductDefinition Code="AFM" Name="Acute Flaccid Myelitis" Description="Acute Flaccid Myelitis" PreferredModel="GCDCSurveillanceModel" PreferredClusterModel="Cluster" Category="Disease" Type="Disease" Timeframe="-1" GracePeriod="-1" Status="Active" ParticipantCardinality="Single" PartyCategory="Person" DataMode="Identified" CaseDataMapName="GCDC_MAPPING"/>
    <ProductDefinition Code="LOG" Name="After hour phone log" Description="After hour phone log" PreferredModel="Default" PreferredClusterModel="Cluster" Category="Disease" Type="Variable Annuity" Timeframe="1" GracePeriod="0" Status="Active" ParticipantCardinality="Single" PartyCategory="Person" DataMode="Identified" CaseDataMapName="DEFAULT_DR_MAPPING"/>
    <ProductDefinition Code="AIDS" Name="AIDS" Description="AIDS" Notes="CDC Codes:" PreferredModel="HIV_STDSurveillanceModel" PreferredClusterModel="Cluster" Category="Disease" Type="Disease" Timeframe="10957" GracePeriod="0" Status="Active" ParticipantCardinality="Single" PartyCategory="Person" DataMode="Identified" CaseDataMapName="HIV_STD_MAPPING"/>
    <ProductDefinition Code="AMEB" Name="Amebiasis" Description="Entamoeba histolytica" Notes="CDC Codes:11040" PreferredModel="GCDCSurveillanceModel" PreferredClusterModel="Cluster" Category="Disease" Type="Disease" Timeframe="90" GracePeriod="30" Status="Active" ParticipantCardinality="Single" PartyCategory="Person" DataMode="Identified" CaseDataMapName="GCDC_MAPPING"/>
    <ProductDefinition Code="AMMEN" Name="Amebic Meningoencephalitis" Description="Naegleria fowleri" Notes="CDC Codes:80750" PreferredModel="GCDCSurveillanceModel" PreferredClusterModel="Cluster" Category="Disease" Type="Disease" Timeframe="-1" GracePeriod="-1" Status="Active" ParticipantCardinality="Single" PartyCategory="Person" DataMode="Identified" CaseDataMapName="GCDC_MAPPING"/>
    <ProductDefinition Code="ANA" Name="Anaplasmosis" Description="Anaplasma phagocytophilum" Notes="CDC Codes:11090" PreferredModel="GCDCSurveillanceModel" PreferredClusterModel="Cluster" Category="Disease" Type="Disease" Timeframe="90" GracePeriod="0" Status="Inactive" ParticipantCardinality="Single" PartyCategory="Person" DataMode="Identified" CaseDataMapName="GCDC_MAPPING"/>
    <ProductDefinition Code="ANTH" Name="Anthrax" Description="Bacillus anthracis" Notes="CDC Codes:10350" PreferredModel="GCDCSurveillanceModel" PreferredClusterModel="Cluster" Category="Disease" Type="Disease" Timeframe="90" GracePeriod="0" Status="Active" ParticipantCardinality="Single" PartyCategory="Person" DataMode="Identified" CaseDataMapName="GCDC_MAPPING"/>
    <ProductDefinition Code="ARB" Name="Arbovirus, other" Description="Other arboviral diseases" Notes="NC Code:10072" PreferredModel="GCDCSurveillanceModel" PreferredClusterModel="Cluster" Category="Disease" Type="Disease" Timeframe="180" GracePeriod="0" Status="Active" ParticipantCardinality="Single" PartyCategory="Person" DataMode="Identified" CaseDataMapName="GCDC_MAPPING"/>
    <ProductDefinition Code="ASCA" Name="Ascariasis" Description="Ascariasis" PreferredModel="GCDCSurveillanceModel" PreferredClusterModel="Cluster" Category="Disease" Type="Disease" Timeframe="-1" GracePeriod="-1" Status="Active" ParticipantCardinality="Single" PartyCategory="Person" DataMode="Identified" CaseDataMapName="GCDC_MAPPING"/>
    <ProductDefinition Code="BABESIOSIS" Name="Babesiosis" Description="Babesiosis Disease" Notes="CDC Codes:12010" PreferredModel="GCDCSurveillanceModel" PreferredClusterModel="Cluster" Category="Disease" Type="Disease" Timeframe="90" GracePeriod="0" Status="Active" ParticipantCardinality="Single" PartyCategory="Person" DataMode="Identified" CaseDataMapName="GCDC_MAPPING"/>
    <ProductDefinition Code="BOTFDB" Name="Botulism, foodborne" Description="Botulism, (foodborne)" Notes="CDC Codes:10530" PreferredModel="GCDCSurveillanceModel" Category="Disease" Type="Disease" Timeframe="180" GracePeriod="0" Status="Active" ParticipantCardinality="Single" PartyCategory="Person" DataMode="Identified" CaseDataMapName="GCDC_MAPPING"/>
    <ProductDefinition Code="BOTI" Name="Botulism, infant" Description="Clostridium botulinum" Notes="CDC Codes:10540" PreferredModel="GCDCSurveillanceModel" PreferredClusterModel="Cluster" Category="Disease" Type="Disease" Timeframe="180" GracePeriod="0" Status="Active" ParticipantCardinality="Single" PartyCategory="Person" DataMode="Identified" CaseDataMapName="GCDC_MAPPING"/>
    <ProductDefinition Code="BOT" Name="Botulism, other unspecified" Description="Clostridium botulinum" Notes="CDC Codes:10548" PreferredModel="GCDCSurveillanceModel" PreferredClusterModel="Cluster" Category="Disease" Type="Disease" Timeframe="180" GracePeriod="0" Status="Active" ParticipantCardinality="Single" PartyCategory="Person" DataMode="Identified" CaseDataMapName="GCDC_MAPPING"/>
    <ProductDefinition Code="BOTWND" Name="Botulism, wound" Description="Clostridium botulism" Notes="CDC Codes:10549" PreferredModel="GCDCSurveillanceModel" Category="Disease" Type="Disease" Timeframe="180" GracePeriod="0" Status="Active" ParticipantCardinality="Single" PartyCategory="Person" DataMode="Identified" CaseDataMapName="GCDC_MAPPING"/>
    <ProductDefinition Code="BRU" Name="Brucellosis" Description="Brucella sp." Notes="CDC Codes:10020" PreferredModel="GCDCSurveillanceModel" PreferredClusterModel="Cluster" Category="Disease" Type="Disease" Timeframe="90" GracePeriod="0" Status="Active" ParticipantCardinality="Single" PartyCategory="Person" DataMode="Identified" CaseDataMapName="GCDC_MAPPING"/>
    <ProductDefinition Code="CAMP" Name="Campylobacter infection" Description="Campylobacter sp" Notes="CDC Codes:11020" PreferredModel="GCDCSurveillanceModel" PreferredClusterModel="Cluster" Category="Disease" Type="Disease" Timeframe="90" GracePeriod="0" Status="Active" ParticipantCardinality="Single" PartyCategory="Person" DataMode="Identified" CaseDataMapName="GCDC_MAPPING"/>
    <ProductDefinition Code="C_AURIS" Name="Candida auris" Description="Candida Auris" Notes="CDC Codes:50263" PreferredModel="GCDCSurveillanceModel" PreferredClusterModel="Cluster" Category="Disease" Type="Disease" Timeframe="180" GracePeriod="30" Status="Active" ParticipantCardinality="Single" PartyCategory="Person" DataMode="Identified" CaseDataMapName="GCDC_MAPPING"/>
    <ProductDefinition Code="CRE" Name="Carbapenem-resistant Enterobacteriaceae" Description="Carbapenem-resistant Enterobacteriacea" Notes="CDC Codes:77924" PreferredModel="GCDCSurveillanceModel" PreferredClusterModel="Cluster" Category="Disease" Type="Disease" Timeframe="120" GracePeriod="30" Status="Active" ParticipantCardinality="Single" PartyCategory="Person" DataMode="Identified" CaseDataMapName="GCDC_MAPPING"/>
    <ProductDefinition Code="CRPA" Name="Carbapenem-resistant Pseudomonas aeruginosa" Description="Carbapenem-resistant Pseudomonas aeruginosa" PreferredModel="GCDCSurveillanceModel" PreferredClusterModel="Cluster" Category="Disease" Type="Disease" Timeframe="120" GracePeriod="30" Status="Inactive" ParticipantCardinality="Single" PartyCategory="Person" DataMode="Identified" CaseDataMapName="GCDC_MAPPING"/>
    <ProductDefinition Code="CHAGAS" Name="Chagas" Description="Chagas Disease" Notes="CDC Codes:12041" PreferredModel="GCDCSurveillanceModel" PreferredClusterModel="Cluster" Category="Disease" Type="Disease" Timeframe="30" GracePeriod="90" Status="Active" ParticipantCardinality="Single" PartyCategory="Person" DataMode="Identified" CaseDataMapName="GCDC_MAPPING"/>
    <ProductDefinition Code="CHAGASI" Name="Chagas, Chronic Indeterminate" Description="Chagas disease, chronic indeterminate" Notes="CDC Codes: 12043" PreferredModel="GCDCSurveillanceModel" PreferredClusterModel="Cluster" Category="Disease" Type="Disease" Timeframe="1800" GracePeriod="0" Status="Active" ParticipantCardinality="Single" PartyCategory="Person" DataMode="Identified" CaseDataMapName="GCDC_MAPPING"/>
    <ProductDefinition Code="CHAGASCS" Name="Chagas, Chronic Symptomatic" Description="Chagas disease chronic symptomatic" Notes="CDC Codes: 12042" PreferredModel="GCDCSurveillanceModel" PreferredClusterModel="Cluster" Category="Disease" Type="Disease" Timeframe="1800" GracePeriod="0" Status="Active" ParticipantCardinality="Single" PartyCategory="Person" DataMode="Identified" CaseDataMapName="GCDC_MAPPING"/>
    <ProductDefinition Code="CHANCROID" Name="Chancroid" Description="Haemophilus ducreyi" Notes="CDC Codes:" PreferredModel="HIV_STDSurveillanceModel" PreferredClusterModel="Cluster" Category="Disease" Type="Disease" Timeframe="90" GracePeriod="0" Status="Active" ParticipantCardinality="Single" PartyCategory="Person" DataMode="Identified" CaseDataMapName="HIV_STD_MAPPING"/>
    <ProductDefinition Code="CHIKV" Name="Chikungunya" Description="Chikungunya" Notes="CDC Codes: 10073" PreferredModel="GCDCSurveillanceModel" PreferredClusterModel="Cluster" Category="Disease" Type="Disease" Timeframe="750" GracePeriod="750" Status="Active" ParticipantCardinality="Single" PartyCategory="Person" DataMode="Identified" CaseDataMapName="GCDC_MAPPING"/>
    <ProductDefinition Code="CHIKVNN" Name="Chikungunya Non-neuroinvasive" Description="Chikungunya non-neuroinvasive disease" Notes="CDC Codes: 11702" PreferredModel="GCDCSurveillanceModel" PreferredClusterModel="Cluster" Category="Disease" Type="Disease" Timeframe="180" GracePeriod="0" Status="Active" ParticipantCardinality="Single" PartyCategory="Person" DataMode="Identified" CaseDataMapName="GCDC_MAPPING"/>
    <ProductDefinition Code="CHLAMYDIA" Name="Chlamydia" Description="Chlamydia trachomatis" Notes="CDC Codes:" PreferredModel="HIV_STDSurveillanceModel" PreferredClusterModel="Cluster" Category="Disease" Type="Disease" Timeframe="30" GracePeriod="0" Status="Active" ParticipantCardinality="Single" PartyCategory="Person" DataMode="Identified" CaseDataMapName="HIV_STD_MAPPING"/>
    <ProductDefinition Code="CHOL" Name="Cholera" Description="Vibrio cholerae sp (incl. O1 and O139)" Notes="CDC Codes:10470" PreferredModel="GCDCSurveillanceModel" PreferredClusterModel="Cluster" Category="Disease" Type="Disease" Timeframe="90" GracePeriod="0" Status="Active" ParticipantCardinality="Single" PartyCategory="Person" DataMode="Identified" CaseDataMapName="GCDC_MAPPING"/>
    <ProductDefinition Code="CHOLERA" Name="Cholera (Vibrio cholerae sp)" Description="Vibrio cholerae sp (incl. O1 and O139)" Notes="CDC Codes:10470" PreferredModel="GCDCSurveillanceModel" PreferredClusterModel="Cluster" Category="Disease" Type="Disease" Timeframe="90" GracePeriod="0" Status="Active" ParticipantCardinality="Single" PartyCategory="Person" DataMode="Identified" CaseDataMapName="GCDC_MAPPING"/>
    <ProductDefinition Code="WUHAN_NCOV" Name="COVID-19" Description="2019 Novel Coronavirus nCoV (Wuhan)" Notes="CDC Code:11065" PreferredModel="GCDCSurveillanceModel" PreferredClusterModel="Cluster" Category="Disease" Type="Disease" Timeframe="1095" GracePeriod="365" Status="Active" ParticipantCardinality="Single" PartyCategory="Person" DataMode="Identified" CaseDataMapName="GCDC_MAPPING"/>
    <ProductDefinition Code="CJD" Name="Creutzfeldt-Jakob Disease" Description="human prion disease" Notes="CDC Codes:80060" PreferredModel="GCDCSurveillanceModel" PreferredClusterModel="Cluster" Category="Disease" Type="Disease" Timeframe="10957" GracePeriod="0" Status="Active" ParticipantCardinality="Single" PartyCategory="Person" DataMode="Identified" CaseDataMapName="GCDC_MAPPING"/>
    <ProductDefinition Code="CRYPT" Name="Cryptosporidiosis" Description="Cryptosporidium parvum" Notes="CDC Codes:11580" PreferredModel="GCDCSurveillanceModel" PreferredClusterModel="Cluster" Category="Disease" Type="Disease" Timeframe="90" GracePeriod="0" Status="Active" ParticipantCardinality="Single" PartyCategory="Person" DataMode="Identified" CaseDataMapName="GCDC_MAPPING"/>
    <ProductDefinition Code="CYCLO" Name="Cyclosporiasis" Description="Cyclospora cayetanensis" Notes="CDC Codes:11575" PreferredModel="GCDCSurveillanceModel" PreferredClusterModel="Cluster" Category="Disease" Type="Disease" Timeframe="90" GracePeriod="0" Status="Active" ParticipantCardinality="Single" PartyCategory="Person" DataMode="Identified" CaseDataMapName="GCDC_MAPPING"/>
    <ProductDefinition Code="CYSTI" Name="Cysticercosis" Description="Cysticercosis - Taenia Solium" Notes="CDC Codes:12031" PreferredModel="GCDCSurveillanceModel" PreferredClusterModel="Cluster" Category="Disease" Type="Disease" Timeframe="90" GracePeriod="30" Status="Active" ParticipantCardinality="Single" PartyCategory="Person" DataMode="Identified" CaseDataMapName="GCDC_MAPPING"/>
    <ProductDefinition Code="DENGUE" Name="Dengue" Description="dengue fever virus" Notes="CDC Codes:10680" PreferredModel="GCDCSurveillanceModel" PreferredClusterModel="Cluster" Category="Disease" Type="Disease" Timeframe="90" GracePeriod="0" Status="Active" ParticipantCardinality="Single" PartyCategory="Person" DataMode="Identified" CaseDataMapName="GCDC_MAPPING"/>
    <ProductDefinition Code="DHF" Name="Dengue Hemorrhagic Fever" Description="Dengue Hemorrhagic Fever" Notes="CDC Codes:11705" PreferredModel="GCDCSurveillanceModel" PreferredClusterModel="Cluster" Category="Disease" Type="Disease" Timeframe="-1" GracePeriod="-1" Status="Active" ParticipantCardinality="Single" PartyCategory="Person" DataMode="Identified" CaseDataMapName="GCDC_MAPPING"/>
    <ProductDefinition Code="DIP" Name="Diphtheria" Description="Corynebacterium diphtheriae" Notes="CDC Codes:10040" PreferredModel="VPDSurveillanceModel" PreferredClusterModel="Cluster" Category="Disease" Type="Disease" Timeframe="90" GracePeriod="0" Status="Active" ParticipantCardinality="Single" PartyCategory="Person" DataMode="Identified" CaseDataMapName="VPD_MAPPING"/>
    <ProductDefinition Code="DRF" Name="Disaster Related Fatalities" Description="Disaster Related Fatalities" PreferredModel="Cluster" PreferredClusterModel="Cluster" Category="Disease" Type="Disease" Timeframe="-1" GracePeriod="-1" Status="Active" ParticipantCardinality="Single" PartyCategory="Person" DataMode="Identified" CaseDataMapName="DEFAULT_DR_MAPPING"/>
    <ProductDefinition Code="ECOLI" Name="E. coli - shiga toxin producing" Description="E. coli sp." Notes="CDC Codes:11563" PreferredModel="GCDCSurveillanceModel" PreferredClusterModel="Cluster" Category="Disease" Type="Disease" Timeframe="90" GracePeriod="90" Status="Active" ParticipantCardinality="Single" PartyCategory="Person" DataMode="Identified" CaseDataMapName="GCDC_MAPPING"/>
    <ProductDefinition Code="ECHINO" Name="Echinococcosis" Description="Echinococcosis" PreferredModel="GCDCSurveillanceModel" PreferredClusterModel="Cluster" Category="Disease" Type="Disease" Timeframe="-1" GracePeriod="-1" Status="Active" ParticipantCardinality="Single" PartyCategory="Person" DataMode="Identified" CaseDataMapName="GCDC_MAPPING"/>
    <ProductDefinition Code="HGE" Name="Ehrlichiosis ewingii" Description="Ehrlichiosis ewingii, HGE" Notes="CDC Codes:11089" PreferredModel="GCDCSurveillanceModel" PreferredClusterModel="Cluster" Category="Disease" Type="Disease" Timeframe="90" GracePeriod="0" Status="Active" ParticipantCardinality="Single" PartyCategory="Person" DataMode="Identified" CaseDataMapName="GCDC_MAPPING"/>
    <ProductDefinition Code="HME" Name="Ehrlichiosis, Human Monocytic Ehrlichiosis" Description="Ehrlichiosis chaffeensis, HME" Notes="CDC Codes:11086" PreferredModel="GCDCSurveillanceModel" PreferredClusterModel="Cluster" Category="Disease" Type="Disease" Timeframe="90" GracePeriod="0" Status="Active" ParticipantCardinality="Single" PartyCategory="Person" DataMode="Identified" CaseDataMapName="GCDC_MAPPING"/>
    <ProductDefinition Code="EHR" Name="Ehrlichiosis/Anaplasmosis undetermined" Description="Ehrlichia, unspecified" Notes="CDC Codes:11091" PreferredModel="GCDCSurveillanceModel" PreferredClusterModel="Cluster" Category="Disease" Type="Disease" Timeframe="90" GracePeriod="0" Status="Active" ParticipantCardinality="Single" PartyCategory="Person" DataMode="Identified" CaseDataMapName="GCDC_MAPPING"/>
    <ProductDefinition Code="CAC" Name="Encephalitis (Arboviral), Cache Valley" Description="Encephalitis, Cache Valley" PreferredModel="GCDCSurveillanceModel" PreferredClusterModel="Cluster" Category="Disease" Type="Disease" Timeframe="180" GracePeriod="0" Status="Active" ParticipantCardinality="Single" PartyCategory="Person" DataMode="Identified" CaseDataMapName="GCDC_MAPPING"/>
    <ProductDefinition Code="CALI" Name="Encephalitis (Arboviral), California" Description="Encephalitis/Meningitis, California" PreferredModel="GCDCSurveillanceModel" PreferredClusterModel="Cluster" Category="Disease" Type="Disease" Timeframe="180" GracePeriod="0" Status="Active" ParticipantCardinality="Single" PartyCategory="Person" DataMode="Identified" CaseDataMapName="GCDC_MAPPING"/>
    <ProductDefinition Code="EEE" Name="Encephalitis (Arboviral), Eastern Equine" Description="Eastern Equine Encephalitis" Notes="CDC Codes:10062" PreferredModel="GCDCSurveillanceModel" PreferredClusterModel="Cluster" Category="Disease" Type="Disease" Timeframe="180" GracePeriod="0" Status="Active" ParticipantCardinality="Single" PartyCategory="Person" DataMode="Identified" CaseDataMapName="GCDC_MAPPING"/>
    <ProductDefinition Code="JAM" Name="Encephalitis (Arboviral), Jamestown Canyon" Description="Encephalitis (Arboviral), Jamestown Canyon" PreferredModel="GCDCSurveillanceModel" PreferredClusterModel="Cluster" Category="Disease" Type="Disease" Timeframe="180" GracePeriod="0" Status="Active" ParticipantCardinality="Single" PartyCategory="Person" DataMode="Identified" CaseDataMapName="GCDC_MAPPING"/>
    <ProductDefinition Code="JAP" Name="Encephalitis (Arboviral), Japanese" Description="Encephalitis (Arboviral), Japanese" PreferredModel="GCDCSurveillanceModel" PreferredClusterModel="Cluster" Category="Disease" Type="Disease" Timeframe="180" GracePeriod="0" Status="Active" ParticipantCardinality="Single" PartyCategory="Person" DataMode="Identified" CaseDataMapName="GCDC_MAPPING"/>
    <ProductDefinition Code="LAC" Name="Encephalitis (Arboviral), LAC" Description="La Crosse Encephalitis/Meningitis" Notes="NC Code:96" PreferredModel="GCDCSurveillanceModel" PreferredClusterModel="Cluster" Category="Disease" Type="Disease" Timeframe="180" GracePeriod="0" Status="Active" ParticipantCardinality="Single" PartyCategory="Person" DataMode="Identified" CaseDataMapName="GCDC_MAPPING"/>
    <ProductDefinition Code="POW" Name="Encephalitis (Arboviral), Powassan" Description="Encephalitis (Arboviral), Powassan" PreferredModel="GCDCSurveillanceModel" PreferredClusterModel="Cluster" Category="Disease" Type="Disease" Timeframe="180" GracePeriod="0" Status="Active" ParticipantCardinality="Single" PartyCategory="Person" DataMode="Identified" CaseDataMapName="GCDC_MAPPING"/>
    <ProductDefinition Code="STL" Name="Encephalitis (Arboviral), St. Louis" Description="St. Louis Encephalitis" Notes="CDC Codes:10051" PreferredModel="GCDCSurveillanceModel" PreferredClusterModel="Cluster" Category="Disease" Type="Disease" Timeframe="180" GracePeriod="0" Status="Active" ParticipantCardinality="Single" PartyCategory="Person" DataMode="Identified" CaseDataMapName="GCDC_MAPPING"/>
    <ProductDefinition Code="WNVU" Name="Encephalitis (Arboviral), Unspecified" Description="Unspecified encephalitis with arboviral etiology" PreferredModel="GCDCSurveillanceModel" PreferredClusterModel="Cluster" Category="Disease" Type="Disease" Timeframe="180" GracePeriod="45" Status="Active" ParticipantCardinality="Single" PartyCategory="Person" DataMode="Identified" CaseDataMapName="GCDC_MAPPING"/>
    <ProductDefinition Code="VEN" Name="Encephalitis (Arboviral), Venezuelan equine" Description="Venezuelan equine encephalitis" Notes="CDC Codes:10055" PreferredModel="GCDCSurveillanceModel" PreferredClusterModel="Cluster" Category="Disease" Type="Disease" Timeframe="-1" GracePeriod="-1" Status="Active" ParticipantCardinality="Single" PartyCategory="Person" DataMode="Identified" CaseDataMapName="GCDC_MAPPING"/>
    <ProductDefinition Code="WNI" Name="Encephalitis (Arboviral), West Nile" Description="West Nile Encephalitis/meningitis" Notes="CDC Codes:10052" PreferredModel="GCDCSurveillanceModel" PreferredClusterModel="Cluster" Category="Disease" Type="Disease" Timeframe="180" GracePeriod="45" Status="Active" ParticipantCardinality="Single" PartyCategory="Person" DataMode="Identified" CaseDataMapName="GCDC_MAPPING"/>
    <ProductDefinition Code="WEE" Name="Encephalitis (Arboviral), Western Equine" Description="Western Equine encephalitis" Notes="CDC Codes:10065" PreferredModel="GCDCSurveillanceModel" PreferredClusterModel="Cluster" Category="Disease" Type="Disease" Timeframe="-1" GracePeriod="-1" Status="Active" ParticipantCardinality="Single" PartyCategory="Person" DataMode="Identified" CaseDataMapName="GCDC_MAPPING"/>
    <ProductDefinition Code="ENCNONARB" Name="Encephalitis, Nonarboviral" Description="Nonarboviral encephalitis" Notes="CDC Codes:10050" PreferredModel="GCDCSurveillanceModel" PreferredClusterModel="Cluster" Category="Disease" Type="Disease" Timeframe="-1" GracePeriod="-1" Status="Active" ParticipantCardinality="Single" PartyCategory="Person" DataMode="Identified" CaseDataMapName="GCDC_MAPPING"/>
    <ProductDefinition Code="EVD68" Name="ENTEROVIRUS 68" Description="ENTEROVIRUS 68" Notes="Nont reportable" PreferredModel="GCDCSurveillanceModel" PreferredClusterModel="Cluster" Category="Disease" Type="Disease" Timeframe="-1" GracePeriod="-1" Status="Active" ParticipantCardinality="Single" PartyCategory="Person" DataMode="Identified" CaseDataMapName="GCDC_MAPPING"/>
    <ProductDefinition Code="EXPOSURE" Name="Exposure" Description="Exposure" PreferredModel="MASTER_MODEL" PreferredClusterModel="Cluster" Category="Disease" Type="Disease" Timeframe="0" GracePeriod="0" Status="Active" ParticipantCardinality="Single" PartyCategory="Person" DataMode="Identified" CaseDataMapName="DEFAULT_DR_MAPPING"/>
    <ProductDefinition Code="FASC" Name="Fascioliasis" Description="Fascioliasis" PreferredModel="GCDCSurveillanceModel" PreferredClusterModel="Cluster" Category="Disease" Type="Disease" Timeframe="-1" GracePeriod="-1" Status="Active" ParticipantCardinality="Single" PartyCategory="Person" DataMode="Identified" CaseDataMapName="GCDC_MAPPING"/>
    <ProductDefinition Code="CPERF" Name="Foodborne dz- C. perfringens" Description="Clostridium perfringens" Notes="CDC Codes:88888; Report card:11" PreferredModel="GCDCSurveillanceModel" PreferredClusterModel="Cluster" Category="Disease" Type="Disease" Timeframe="90" GracePeriod="0" Status="Active" ParticipantCardinality="Single" PartyCategory="Person" DataMode="Identified" CaseDataMapName="GCDC_MAPPING"/>
    <ProductDefinition Code="FBOTHER" Name="Foodborne dz- other/unknown" Description="Foodborne disease Other or Unknown" Notes="Report card code: 13" PreferredModel="GCDCSurveillanceModel" PreferredClusterModel="Cluster" Category="Disease" Type="Disease" Timeframe="90" GracePeriod="0" Status="Active" ParticipantCardinality="Single" PartyCategory="Person" DataMode="Identified" CaseDataMapName="GCDC_MAPPING"/>
    <ProductDefinition Code="STAPH" Name="Foodborne dz- Staphylococcal" Description="Staphylococcal" Notes="Report code:12" PreferredModel="GCDCSurveillanceModel" PreferredClusterModel="Cluster" Category="Disease" Type="Disease" Timeframe="90" GracePeriod="0" Status="Active" ParticipantCardinality="Single" PartyCategory="Person" DataMode="Identified" CaseDataMapName="GCDC_MAPPING"/>
    <ProductDefinition Code="FBPOIS" Name="Foodborne poisoning (fish/mushroom)" Description="Foodborne poisoning (fish and mushroom poisoning)" Notes="Report card code: 13" PreferredModel="GCDCSurveillanceModel" PreferredClusterModel="Cluster" Category="Disease" Type="Disease" Timeframe="90" GracePeriod="0" Status="Active" ParticipantCardinality="Single" PartyCategory="Person" DataMode="Identified" CaseDataMapName="GCDC_MAPPING"/>
    <ProductDefinition Code="GIAR" Name="Giardiasis" Description="Giardiasis" PreferredModel="GCDCSurveillanceModel" PreferredClusterModel="Cluster" Category="Disease" Type="Disease" Timeframe="90" GracePeriod="45" Status="Active" ParticipantCardinality="Single" PartyCategory="Person" DataMode="Identified" CaseDataMapName="GCDC_MAPPING"/>
    <ProductDefinition Code="BURK" Name="Glanders Disease" Description="Glanders disease cause by Burkholderia mallei or pseudomallei" PreferredModel="GCDCSurveillanceModel" PreferredClusterModel="Cluster" Category="Disease" Type="Disease" Timeframe="1095" GracePeriod="0" Status="Active" ParticipantCardinality="Single" PartyCategory="Person" DataMode="Identified" CaseDataMapName="GCDC_MAPPING"/>
    <ProductDefinition Code="GONOR" Name="Gonorrhea" Description="Neisseria gonorrhoeae" Notes="CDC Codes:" PreferredModel="HIV_STDSurveillanceModel" PreferredClusterModel="Cluster" Category="Disease" Type="Disease" Timeframe="30" GracePeriod="0" Status="Active" ParticipantCardinality="Single" PartyCategory="Person" DataMode="Identified" CaseDataMapName="HIV_STD_MAPPING"/>
    <ProductDefinition Code="GRANUL" Name="Granuloma inguinale" Description="Donovania granulomatis" Notes="CDC Codes:" PreferredModel="HIV_STDSurveillanceModel" PreferredClusterModel="Cluster" Category="Disease" Type="Disease" Timeframe="90" GracePeriod="0" Status="Active" ParticipantCardinality="Single" PartyCategory="Person" DataMode="Identified" CaseDataMapName="HIV_STD_MAPPING"/>
    <ProductDefinition Code="HFLU" Name="Haemophilus influenzae, invasive disease" Description="Haemophilus influenzae type B" Notes="CDC Codes:10590" PreferredModel="GCDCSurveillanceModel" PreferredClusterModel="Cluster" Category="Disease" Type="Disease" Timeframe="90" GracePeriod="0" Status="Active" ParticipantCardinality="Single" PartyCategory="Person" DataMode="Identified" CaseDataMapName="GCDC_MAPPING"/>
    <ProductDefinition Code="HANTA" Name="Hantavirus infection" Description="Hantavirus" Notes="CDC Codes:11610" PreferredModel="GCDCSurveillanceModel" PreferredClusterModel="Cluster" Category="Disease" Type="Disease" Timeframe="90" GracePeriod="0" Status="Active" ParticipantCardinality="Single" PartyCategory="Person" DataMode="Identified" CaseDataMapName="GCDC_MAPPING"/>
    <ProductDefinition Code="HUS" Name="Hemolytic Uremic Syndrome" Description="Hemolytic Uremic Syndrome" Notes="CDC Codes:11550" PreferredModel="GCDCSurveillanceModel" PreferredClusterModel="Cluster" Category="Disease" Type="Disease" Timeframe="90" GracePeriod="0" Status="Active" ParticipantCardinality="Single" PartyCategory="Person" DataMode="Identified" CaseDataMapName="GCDC_MAPPING"/>
    <ProductDefinition Code="VHF" Name="Hemorrhagic fever virus infection" Description="Viral hemorrhagic fever" Notes="CDC Codes:11630" PreferredModel="GCDCSurveillanceModel" PreferredClusterModel="Cluster" Category="Disease" Type="Disease" Timeframe="90" GracePeriod="0" Status="Active" ParticipantCardinality="Single" PartyCategory="Person" DataMode="Identified" CaseDataMapName="GCDC_MAPPING"/>
    <ProductDefinition Code="HEPA" Name="Hepatitis A" Description="Hepatitis A virus" Notes="CDC Codes:10110" PreferredModel="GCDCSurveillanceModel" PreferredClusterModel="Cluster" Category="Disease" Type="Disease" Timeframe="10957" GracePeriod="0" Status="Active" ParticipantCardinality="Single" PartyCategory="Person" DataMode="Identified" CaseDataMapName="GCDC_MAPPING"/>
    <ProductDefinition Code="HEPB_A" Name="Hepatitis B - Acute" Description="Heptatits B virus" Notes="CDC Codes:10100" PreferredModel="VPDSurveillanceModel" PreferredClusterModel="Cluster" Category="Disease" Type="Disease" Timeframe="365" GracePeriod="0" Status="Active" ParticipantCardinality="Single" PartyCategory="Person" DataMode="Identified" CaseDataMapName="VPD_MAPPING"/>
    <ProductDefinition Code="HEPB_C" Name="Hepatitis B - Chronic" Description="Heptatits B virus" Notes="CDC Codes: 10105" PreferredModel="VPDSurveillanceModel" PreferredClusterModel="Cluster" Category="Disease" Type="Disease" Timeframe="10957" GracePeriod="0" Status="Active" ParticipantCardinality="Single" PartyCategory="Person" DataMode="Identified" CaseDataMapName="VPD_MAPPING"/>
    <ProductDefinition Code="HEPB_P" Name="Hepatitis B - Perinatal (HBsAg+ &lt; 24 months old)" Description="Heptatits B virus" Notes="CDC Codes:10104" PreferredModel="VPDSurveillanceModel" PreferredClusterModel="Cluster" Category="Disease" Type="Disease" Timeframe="180" GracePeriod="0" Status="Active" ParticipantCardinality="Single" PartyCategory="Person" DataMode="Identified" CaseDataMapName="VPD_MAPPING"/>
    <ProductDefinition Code="HEPB_U" Name="Hepatitis B - Unknown" Description="Hepatitis B virus - unknown" PreferredModel="VPDSurveillanceModel" PreferredClusterModel="Cluster" Category="Disease" Type="Disease" Timeframe="10957" GracePeriod="0" Status="Active" ParticipantCardinality="Single" PartyCategory="Person" DataMode="Identified" CaseDataMapName="VPD_MAPPING"/>
    <ProductDefinition Code="HEPC" Name="Hepatitis C - Acute" Description="Hepatitis C virus" Notes="CDC Codes:10101" PreferredModel="GCDCSurveillanceModel" PreferredClusterModel="Cluster" Category="Disease" Type="Disease" Timeframe="10957" GracePeriod="90" Status="Active" ParticipantCardinality="Single" PartyCategory="Person" DataMode="Identified" CaseDataMapName="GCDC_MAPPING"/>
    <ProductDefinition Code="HEPC_C" Name="Hepatitis C - Chronic" Description="Hepatitis C virus" Notes="CDC Codes:10106" PreferredModel="GCDCSurveillanceModel" PreferredClusterModel="Cluster" Category="Disease" Type="Disease" Timeframe="10957" GracePeriod="0" Status="Active" ParticipantCardinality="Single" PartyCategory="Person" DataMode="Identified" CaseDataMapName="GCDC_MAPPING"/>
    <ProductDefinition Code="HepCSL" Name="Hepatitis C Service Linkage" Description="Hepatitis C Service Linkage" PreferredModel="GCDCSurveillanceModel" PreferredClusterModel="Cluster" Category="Disease" Type="Disease" Timeframe="1" GracePeriod="0" Status="Active" ParticipantCardinality="Single" PartyCategory="Person" DataMode="Identified" CaseDataMapName="GCDC_MAPPING"/>
    <ProductDefinition Code="HEPD" Name="Hepatitis D" Description="Hepatitis D virus" Notes="CDC Codes:10102" PreferredModel="VPDSurveillanceModel" PreferredClusterModel="Cluster" Category="Disease" Type="Disease" Timeframe="90" GracePeriod="0" Status="Active" ParticipantCardinality="Single" PartyCategory="Person" DataMode="Identified" CaseDataMapName="VPD_MAPPING"/>
    <ProductDefinition Code="HEPE" Name="Hepatitis E" Description="Hepatitis E virus" Notes="CDC Codes:10103" PreferredModel="VPDSurveillanceModel" PreferredClusterModel="Cluster" Category="Disease" Type="Disease" Timeframe="90" GracePeriod="0" Status="Active" ParticipantCardinality="Single" PartyCategory="Person" DataMode="Identified" CaseDataMapName="VPD_MAPPING"/>
    <ProductDefinition Code="HIV" Name="HIV" Description="HIV" Notes="CDC Codes:" PreferredModel="HIV_STDSurveillanceModel" PreferredClusterModel="Cluster" Category="Disease" Type="Disease" Timeframe="10957" GracePeriod="0" Status="Active" ParticipantCardinality="Single" PartyCategory="Person" DataMode="Identified" CaseDataMapName="HIV_STD_MAPPING"/>
    <ProductDefinition Code="HIVSL" Name="HIV Service Linkage" Description="Used for HIV Service Linkages" PreferredModel="HIV_STDSurveillanceModel" PreferredClusterModel="Cluster" Category="Disease" Type="Disease" Timeframe="1" GracePeriod="0" Status="Active" ParticipantCardinality="Single" PartyCategory="Person" DataMode="Identified" CaseDataMapName="HIV_STD_MAPPING"/>
    <ProductDefinition Code="HOOK" Name="Hookworm (ancylostomiasis)" Description="Hookworm (ancylostomiasis)" PreferredModel="GCDCSurveillanceModel" PreferredClusterModel="Cluster" Category="Disease" Type="Disease" Timeframe="-1" GracePeriod="-1" Status="Active" ParticipantCardinality="Single" PartyCategory="Person" DataMode="Identified" CaseDataMapName="GCDC_MAPPING"/>
    <ProductDefinition Code="HGQ" Name="Hypothesis Generating - Foodborne" Description="Hypothesis Generating - Foodborne" PreferredModel="GCDCSurveillanceModel" PreferredClusterModel="Cluster" Category="Disease" Type="Disease" Timeframe="90" GracePeriod="0" Status="Active" ParticipantCardinality="Single" PartyCategory="Person" DataMode="Identified" CaseDataMapName="GCDC_MAPPING"/>
    <ProductDefinition Code="HGQL" Name="Hypothesis Generating - Foodborne (Long form)" Description="Hypothesis Generating - Foodborne (Long form)" PreferredModel="GCDCSurveillanceModel" PreferredClusterModel="Cluster" Category="Disease" Type="Disease" Timeframe="90" GracePeriod="0" Status="Inactive" ParticipantCardinality="Single" PartyCategory="Person" DataMode="Identified" CaseDataMapName="GCDC_MAPPING"/>
    <ProductDefinition Code="FLU" Name="Influenza Virus infection (DON'T USE)" Description="Influenza virus" Notes="CDC Codes:10570" PreferredModel="GCDCSurveillanceModel" Category="Disease" Type="Disease" Timeframe="30" GracePeriod="15" Status="Active" ParticipantCardinality="Single" PartyCategory="Person" DataMode="Identified" CaseDataMapName="GCDC_MAPPING"/>
    <ProductDefinition Code="FLUH1N1" Name="Influenza, NOVEL H1N1 virus infection" Description="H1N1 influenza virus" Notes="CDC Codes:11062" PreferredModel="GCDCSurveillanceModel" PreferredClusterModel="Cluster" Category="Disease" Type="Disease" Timeframe="30" GracePeriod="15" Status="Active" ParticipantCardinality="Single" PartyCategory="Person" DataMode="Identified" CaseDataMapName="GCDC_MAPPING"/>
    <ProductDefinition Code="FLUD" Name="Influenza, pediatric death (&lt;18 years of age)" Description="Pediatric Influenza virus" Notes="CDC Codes:11061" PreferredModel="GCDCSurveillanceModel" PreferredClusterModel="Cluster" Category="Disease" Type="Disease" Timeframe="10957" GracePeriod="10" Status="Active" ParticipantCardinality="Single" PartyCategory="Person" DataMode="Identified" CaseDataMapName="GCDC_MAPPING"/>
    <ProductDefinition Code="SFLU" Name="Influenza, Seasonal Virus infection" Description="Seasonal Influenza virus" Notes="CDC Codes:10570" PreferredModel="GCDCSurveillanceModel" PreferredClusterModel="Cluster" Category="Disease" Type="Disease" Timeframe="30" GracePeriod="15" Status="Active" ParticipantCardinality="Single" PartyCategory="Person" DataMode="Identified" CaseDataMapName="GCDC_MAPPING"/>
    <ProductDefinition Code="ISSUE" Name="Issue" Description="Maven issues" Notes="CDC Codes:" PreferredModel="Default" PreferredClusterModel="Cluster" Category="Disease" Type="Disease" Timeframe="30" GracePeriod="14" Status="Active" ParticipantCardinality="Single" PartyCategory="Person" DataMode="Identified" CaseDataMapName="DEFAULT_DR_MAPPING"/>
    <ProductDefinition Code="LEG" Name="Legionellosis" Description="Legionella sp." Notes="CDC Codes:10490" PreferredModel="GCDCSurveillanceModel" PreferredClusterModel="Cluster" Category="Disease" Type="Disease" Timeframe="90" GracePeriod="0" Status="Active" ParticipantCardinality="Single" PartyCategory="Person" DataMode="Identified" CaseDataMapName="GCDC_MAPPING"/>
    <ProductDefinition Code="LESH" Name="Leishmaniasis" Description="Leishmaniasis" Notes="CDC Codes:80550" PreferredModel="GCDCSurveillanceModel" PreferredClusterModel="Cluster" Category="Disease" Type="Disease" Timeframe="90" GracePeriod="0" Status="Active" ParticipantCardinality="Single" PartyCategory="Person" DataMode="Identified" CaseDataMapName="GCDC_MAPPING"/>
    <ProductDefinition Code="LEP" Name="Leprosy (Hansen's Disease)" Description="Mycobacterium leprae" Notes="CDC Codes:10380" PreferredModel="TBSurveillanceModel" PreferredClusterModel="Cluster" Category="Disease" Type="Disease" Timeframe="10957" GracePeriod="0" Status="Active" ParticipantCardinality="Single" PartyCategory="Person" DataMode="Identified" CaseDataMapName="TB_MAPPING"/>
    <ProductDefinition Code="LEPTO" Name="Leptospirosis" Description="Leptospira sp." Notes="CDC Codes:10390" PreferredModel="GCDCSurveillanceModel" PreferredClusterModel="Cluster" Category="Disease" Type="Disease" Timeframe="90" GracePeriod="0" Status="Active" ParticipantCardinality="Single" PartyCategory="Person" DataMode="Identified" CaseDataMapName="GCDC_MAPPING"/>
    <ProductDefinition Code="LIST" Name="Listeriosis" Description="Listeria monocytogenes" Notes="CDC Codes:10640" PreferredModel="GCDCSurveillanceModel" PreferredClusterModel="Cluster" Category="Disease" Type="Disease" Timeframe="90" GracePeriod="0" Status="Active" ParticipantCardinality="Single" PartyCategory="Person" DataMode="Identified" CaseDataMapName="GCDC_MAPPING"/>
    <ProductDefinition Code="LYME" Name="Lyme Disease" Description="Borrelia burgdorferi" Notes="CDC Codes:11080" PreferredModel="GCDCSurveillanceModel" PreferredClusterModel="Cluster" Category="Disease" Type="Disease" Timeframe="180" GracePeriod="5000" Status="Active" ParticipantCardinality="Single" PartyCategory="Person" DataMode="Identified" CaseDataMapName="GCDC_MAPPING"/>
    <ProductDefinition Code="LGRANUL" Name="Lymphogranuloma venereum" Description="Lymphogranuloma venereum" Notes="CDC Codes:" PreferredModel="HIV_STDSurveillanceModel" PreferredClusterModel="Cluster" Category="Disease" Type="Disease" Timeframe="90" GracePeriod="0" Status="Active" ParticipantCardinality="Single" PartyCategory="Person" DataMode="Identified" CaseDataMapName="HIV_STD_MAPPING"/>
    <ProductDefinition Code="MAL" Name="Malaria" Description="Plasmodium sp." Notes="CDC Codes:10130" PreferredModel="GCDCSurveillanceModel" PreferredClusterModel="Cluster" Category="Disease" Type="Disease" Timeframe="120" GracePeriod="0" Status="Active" ParticipantCardinality="Single" PartyCategory="Person" DataMode="Identified" CaseDataMapName="GCDC_MAPPING"/>
    <ProductDefinition Code="MM" Name="Master Model" Description="Master Model" PreferredModel="MASTER_MODEL" Category="Disease" Type="Disease" Timeframe="90" GracePeriod="0" Status="Active" ParticipantCardinality="Single" PartyCategory="Person" DataMode="Identified" CaseDataMapName="DEFAULT_DR_MAPPING"/>
    <ProductDefinition Code="MENB" Name="Meningitis, bacterial NEC" Description="Meningitis, bacterial NEC" Notes="CDC Codes:10150" PreferredModel="GCDCSurveillanceModel" PreferredClusterModel="Cluster" Category="Disease" Type="Disease" Timeframe="90" GracePeriod="0" Status="Active" ParticipantCardinality="Single" PartyCategory="Person" DataMode="Identified" CaseDataMapName="GCDC_MAPPING"/>
    <ProductDefinition Code="MENF" Name="Meningitis, fungal" Description="Meningitis, fungal" Notes="CDC Codes:" PreferredModel="GCDCSurveillanceModel" PreferredClusterModel="Cluster" Category="Disease" Type="Disease" Timeframe="90" GracePeriod="0" Status="Active" ParticipantCardinality="Single" PartyCategory="Person" DataMode="Identified" CaseDataMapName="GCDC_MAPPING"/>
    <ProductDefinition Code="MENP" Name="Meningitis, pneumococcal" Description="Meningitis, pneumococcal" Notes="NC Code:25" PreferredModel="GCDCSurveillanceModel" PreferredClusterModel="Cluster" Category="Disease" Type="Disease" Timeframe="90" GracePeriod="0" Status="Active" ParticipantCardinality="Single" PartyCategory="Person" DataMode="Identified" CaseDataMapName="GCDC_MAPPING"/>
    <ProductDefinition Code="MVIR" Name="Meningitis- viral (Aseptic)" Description="Aseptic Meningitis" Notes="CDC Codes:10010" PreferredModel="GCDCSurveillanceModel" PreferredClusterModel="Cluster" Category="Disease" Type="Disease" Timeframe="90" GracePeriod="0" Status="Active" ParticipantCardinality="Single" PartyCategory="Person" DataMode="Identified" CaseDataMapName="GCDC_MAPPING"/>
    <ProductDefinition Code="NMEN" Name="Meningococcal invasive disease (Neisseria meningitidis)" Description="Neisseria meningitidis" Notes="CDC Codes:" PreferredModel="GCDCSurveillanceModel" PreferredClusterModel="Cluster" Category="Disease" Type="Disease" Timeframe="90" GracePeriod="0" Status="Active" ParticipantCardinality="Single" PartyCategory="Person" DataMode="Identified" CaseDataMapName="GCDC_MAPPING"/>
    <ProductDefinition Code="MERS" Name="MERS-COV" Description="Middle east respiratory syndrome coronavirus" Notes="CDC Codes:10575" PreferredModel="GCDCSurveillanceModel" PreferredClusterModel="Cluster" Category="Disease" Type="Disease" Timeframe="-1" GracePeriod="-1" Status="Active" ParticipantCardinality="Single" PartyCategory="Person" DataMode="Identified" CaseDataMapName="GCDC_MAPPING"/>
    <ProductDefinition Code="MHS" Name="MHS" PreferredModel="HIV_STDSurveillanceModel" PreferredClusterModel="Cluster" Category="Disease" Type="Disease" Timeframe="1" GracePeriod="0" Status="Inactive" ParticipantCardinality="Single" PartyCategory="Person" DataMode="Identified" CaseDataMapName="HIV_STD_MAPPING"/>
    <ProductDefinition Code="MPOX" Name="Monkeypox" Description="monkeypox virus" Notes="CDC Codes:11801" PreferredModel="GCDCSurveillanceModel" PreferredClusterModel="Cluster" Category="Disease" Type="Disease" Timeframe="10957" GracePeriod="0" Status="Active" ParticipantCardinality="Single" PartyCategory="Person" DataMode="Identified" CaseDataMapName="GCDC_MAPPING"/>
    <ProductDefinition Code="MDRO" Name="Multi-Drug Resistant Organism (DEVELOPMENT)" Description="Multi-Drug Resistant Organism" Notes="CDC Codes:2318-4" PreferredModel="GCDCSurveillanceModel" PreferredClusterModel="Cluster" Category="Disease" Type="Disease" Timeframe="90" GracePeriod="0" Status="Active" ParticipantCardinality="Single" PartyCategory="Person" DataMode="Identified" CaseDataMapName="GCDC_MAPPING"/>
    <ProductDefinition Code="MDRA" Name="Multidrug-resistant Acinetobacter" Description="Multidrug-resistant Acinetobacter" Notes="CDC Codes: 40684" PreferredModel="GCDCSurveillanceModel" PreferredClusterModel="Cluster" Category="Disease" Type="Disease" Timeframe="90" GracePeriod="0" Status="Active" ParticipantCardinality="Single" PartyCategory="Person" DataMode="Identified" CaseDataMapName="GCDC_MAPPING"/>
    <ProductDefinition Code="MIS_C" Name="Multisystem Inflammatory Syndrome in Children (MIS-C)" Description="Multisystem Inflammatory Syndrome in Children (MIS-C)" PreferredModel="GCDCSurveillanceModel" PreferredClusterModel="Cluster" Category="Disease" Type="Disease" Timeframe="90" GracePeriod="365" Status="Active" ParticipantCardinality="Single" PartyCategory="Person" DataMode="Identified" CaseDataMapName="GCDC_MAPPING"/>
    <ProductDefinition Code="MUMPS" Name="Mumps" Description="mumps virus" Notes="CDC Codes:10180" PreferredModel="VPDSurveillanceModel" PreferredClusterModel="Cluster" Category="Disease" Type="Disease" Timeframe="90" GracePeriod="0" Status="Active" ParticipantCardinality="Single" PartyCategory="Person" DataMode="Identified" CaseDataMapName="VPD_MAPPING"/>
    <ProductDefinition Code="NGURETH" Name="Non-gonococcal urethritis" Description="Non-gonococcal urethritis" Notes="CDC Codes:" PreferredModel="HIV_STDSurveillanceModel" PreferredClusterModel="Cluster" Category="Disease" Type="Disease" Timeframe="90" GracePeriod="0" Status="Active" ParticipantCardinality="Single" PartyCategory="Person" DataMode="Identified" CaseDataMapName="HIV_STD_MAPPING"/>
    <ProductDefinition Code="NNCAC" Name="Non-Neuroinvasive Cache Valley Virus" Description="Non-Neuroinvasive Cache Valley Virus" PreferredModel="GCDCSurveillanceModel" PreferredClusterModel="Cluster" Category="Disease" Type="Disease" Timeframe="180" GracePeriod="0" Status="Active" ParticipantCardinality="Single" PartyCategory="Person" DataMode="Identified" CaseDataMapName="GCDC_MAPPING"/>
    <ProductDefinition Code="NNCALI" Name="Non-Neuroinvasive California serogroup virus" Description="Non-Neuroinvasive California serogroup virus" PreferredModel="GCDCSurveillanceModel" PreferredClusterModel="Cluster" Category="Disease" Type="Disease" Timeframe="180" GracePeriod="0" Status="Active" ParticipantCardinality="Single" PartyCategory="Person" DataMode="Identified" CaseDataMapName="GCDC_MAPPING"/>
    <ProductDefinition Code="NNEEE" Name="Non-Neuroinvasive Eastern Equine Encephalitis" Description="Non-Neuroinvasive Eastern Equine Encephalitis" PreferredModel="GCDCSurveillanceModel" PreferredClusterModel="Cluster" Category="Disease" Type="Disease" Timeframe="180" GracePeriod="0" Status="Active" ParticipantCardinality="Single" PartyCategory="Person" DataMode="Identified" CaseDataMapName="GCDC_MAPPING"/>
    <ProductDefinition Code="NNJAM" Name="Non-Neuroinvasive Jamestown Canyon" Description="Non-Neuroinvasive Jamestown Canyon" PreferredModel="GCDCSurveillanceModel" PreferredClusterModel="Cluster" Category="Disease" Type="Disease" Timeframe="180" GracePeriod="0" Status="Active" ParticipantCardinality="Single" PartyCategory="Person" DataMode="Identified" CaseDataMapName="GCDC_MAPPING"/>
    <ProductDefinition Code="NNJAP" Name="Non-Neuroinvasive Japanese Encephalitis virus" Description="Non-Neuroinvasive Japanese Encephalitis virus" PreferredModel="GCDCSurveillanceModel" PreferredClusterModel="Cluster" Category="Disease" Type="Disease" Timeframe="180" GracePeriod="0" Status="Active" ParticipantCardinality="Single" PartyCategory="Person" DataMode="Identified" CaseDataMapName="GCDC_MAPPING"/>
    <ProductDefinition Code="NNLAC" Name="Non-Neuroinvasive La Crosse virus" Description="Non-Neuroinvasive La Crosse virus" PreferredModel="GCDCSurveillanceModel" PreferredClusterModel="Cluster" Category="Disease" Type="Disease" Timeframe="180" GracePeriod="0" Status="Active" ParticipantCardinality="Single" PartyCategory="Person" DataMode="Identified" CaseDataMapName="GCDC_MAPPING"/>
    <ProductDefinition Code="NNPOW" Name="Non-Neuroinvasive Powassan virus" Description="Non-Neuroinvasive Powassan virus" PreferredModel="GCDCSurveillanceModel" PreferredClusterModel="Cluster" Category="Disease" Type="Disease" Timeframe="180" GracePeriod="0" Status="Active" ParticipantCardinality="Single" PartyCategory="Person" DataMode="Identified" CaseDataMapName="GCDC_MAPPING"/>
    <ProductDefinition Code="STLNN" Name="Non-Neuroinvasive St. Louis Virus" Description="St. Louis encepahlitis virus non-neuroinvasive" Notes="CDC Codes: 10064" PreferredModel="GCDCSurveillanceModel" PreferredClusterModel="Cluster" Category="Disease" Type="Disease" Timeframe="180" GracePeriod="0" Status="Active" ParticipantCardinality="Single" PartyCategory="Person" DataMode="Identified" CaseDataMapName="GCDC_MAPPING"/>
    <ProductDefinition Code="NNVEE" Name="Non-Neuroinvasive Venezuelan equine encephalitis virus" Description="Non-Neuroinvasive Venezuelan equine encephalitis virus" PreferredModel="GCDCSurveillanceModel" PreferredClusterModel="Cluster" Category="Disease" Type="Disease" Timeframe="180" GracePeriod="0" Status="Active" ParticipantCardinality="Single" PartyCategory="Person" DataMode="Identified" CaseDataMapName="GCDC_MAPPING"/>
    <ProductDefinition Code="NNWEE" Name="Non-Neuroinvasive Western Equine Encephalitis" Description="Non-Neuroinvasive Western Equine Encephalitis" PreferredModel="GCDCSurveillanceModel" PreferredClusterModel="Cluster" Category="Disease" Type="Disease" Timeframe="180" GracePeriod="0" Status="Active" ParticipantCardinality="Single" PartyCategory="Person" DataMode="Identified" CaseDataMapName="GCDC_MAPPING"/>
    <ProductDefinition Code="NORO" Name="Norovirus" Description="Norovirus" Notes="CDC Codes:" PreferredModel="GCDCSurveillanceModel" PreferredClusterModel="Cluster" Category="Disease" Type="Disease" Timeframe="90" GracePeriod="0" Status="Active" ParticipantCardinality="Single" PartyCategory="Person" DataMode="Identified" CaseDataMapName="GCDC_MAPPING"/>
    <ProductDefinition Code="OPTHNEO" Name="Ophthalmia neonatorum" Description="Ophthalmia neonatorum" Notes="CDC Codes:" PreferredModel="HIV_STDSurveillanceModel" PreferredClusterModel="Cluster" Category="Disease" Type="Disease" Timeframe="90" GracePeriod="0" Status="Active" ParticipantCardinality="Single" PartyCategory="Person" DataMode="Identified" CaseDataMapName="HIV_STD_MAPPING"/>
    <ProductDefinition Code="PARASITIC" Name="Other Foodborne Parasitic Disease" Description="Other Foodborne Parasitic Disease" PreferredModel="GCDCSurveillanceModel" PreferredClusterModel="Cluster" Category="Disease" Type="Disease" Timeframe="90" GracePeriod="30" Status="Inactive" ParticipantCardinality="Single" PartyCategory="Person" DataMode="Identified" CaseDataMapName="GCDC_MAPPING"/>
    <ProductDefinition Code="PARA" Name="Paragonimiasis" Description="Paragonimiasis" PreferredModel="GCDCSurveillanceModel" PreferredClusterModel="Cluster" Category="Disease" Type="Disease" Timeframe="-1" GracePeriod="-1" Status="Active" ParticipantCardinality="Single" PartyCategory="Person" DataMode="Identified" CaseDataMapName="GCDC_MAPPING"/>
    <ProductDefinition Code="PARATYP" Name="Paratyphoid Fever- Salmonella Paratyphi" Description="Salmonella Paratyphi A, B and C" Notes="CDC Codes:50266" PreferredModel="GCDCSurveillanceModel" PreferredClusterModel="Cluster" Category="Disease" Type="Disease" Timeframe="90" GracePeriod="45" Status="Active" ParticipantCardinality="Single" PartyCategory="Person" DataMode="Identified" CaseDataMapName="GCDC_MAPPING"/>
    <ProductDefinition Code="HEPB_PT" Name="Perinatal Hepatitis B Tracking" Description="Perinatal Hepatitis B Tracking Program (HepB+ pregnant mothers)" PreferredModel="VPDSurveillanceModel" PreferredClusterModel="Cluster" Category="Disease" Type="Disease" Timeframe="365" GracePeriod="0" Status="Active" ParticipantCardinality="Single" PartyCategory="Person" DataMode="Identified" CaseDataMapName="VPD_MAPPING"/>
    <ProductDefinition Code="PUM" Name="Person Under Monitoring" Description="Person under monitoring for EBV" Notes="CDC Code: 9999" PreferredModel="Default" PreferredClusterModel="Cluster" Category="Disease" Type="Disease" Timeframe="21" GracePeriod="0" Status="Active" ParticipantCardinality="Single" PartyCategory="Person" DataMode="Identified" CaseDataMapName="DEFAULT_DR_MAPPING"/>
    <ProductDefinition Code="PERT" Name="Pertussis" Description="Bordetella pertussis" Notes="CDC Codes:10190" PreferredModel="VPDSurveillanceModel" PreferredClusterModel="Cluster" Category="Disease" Type="Disease" Timeframe="90" GracePeriod="0" Status="Active" ParticipantCardinality="Single" PartyCategory="Person" DataMode="Identified" CaseDataMapName="VPD_MAPPING"/>
    <ProductDefinition Code="PFGE" Name="PFGE" Description="PFGE" PreferredModel="GCDCSurveillanceModel" PreferredClusterModel="Cluster" Category="Disease" Type="Disease" Timeframe="90" GracePeriod="0" Status="Active" ParticipantCardinality="Single" PartyCategory="Person" DataMode="Identified" CaseDataMapName="GCDC_MAPPING"/>
    <ProductDefinition Code="PID" Name="PID" Description="PID" Notes="CDC Codes:" PreferredModel="HIV_STDSurveillanceModel" PreferredClusterModel="Cluster" Category="Disease" Type="Disease" Timeframe="90" GracePeriod="0" Status="Active" ParticipantCardinality="Single" PartyCategory="Person" DataMode="Identified" CaseDataMapName="HIV_STD_MAPPING"/>
    <ProductDefinition Code="PLAG" Name="Plague" Description="Yersinia pestis" Notes="CDC Codes:10440" PreferredModel="GCDCSurveillanceModel" PreferredClusterModel="Cluster" Category="Disease" Type="Disease" Timeframe="90" GracePeriod="0" Status="Active" ParticipantCardinality="Single" PartyCategory="Person" DataMode="Identified" CaseDataMapName="GCDC_MAPPING"/>
    <ProductDefinition Code="PLANTS" Name="Plants" Notes="Training product" PreferredModel="VPDSurveillanceModel" PreferredClusterModel="Cluster" Category="Disease" Type="Disease" Timeframe="-1" GracePeriod="-1" Status="Active" ParticipantCardinality="Single" PartyCategory="Person" DataMode="Identified" CaseDataMapName="VPD_MAPPING"/>
    <ProductDefinition Code="POL" Name="Polio - paralytic" Description="polio virus" Notes="CDC Codes:10410" PreferredModel="VPDSurveillanceModel" PreferredClusterModel="Cluster" Category="Disease" Type="Disease" Timeframe="90" GracePeriod="0" Status="Active" ParticipantCardinality="Single" PartyCategory="Person" DataMode="Identified" CaseDataMapName="VPD_MAPPING"/>
    <ProductDefinition Code="PSTT" Name="Psittacosis" Description="Chlamydia psittaci" Notes="CDC Codes:10450" PreferredModel="GCDCSurveillanceModel" Category="Disease" Type="Disease" Timeframe="90" GracePeriod="0" Status="Active" ParticipantCardinality="Single" PartyCategory="Person" DataMode="Identified" CaseDataMapName="GCDC_MAPPING"/>
    <ProductDefinition Code="QF" Name="Q fever" Description="Coxiella burnetii" Notes="CDC Codes:10255" PreferredModel="GCDCSurveillanceModel" PreferredClusterModel="Cluster" Category="Disease" Type="Disease" Timeframe="10957" GracePeriod="0" Status="Active" ParticipantCardinality="Single" PartyCategory="Person" DataMode="Identified" CaseDataMapName="GCDC_MAPPING"/>
    <ProductDefinition Code="QFACUTE" Name="Q fever, Acute" Description="Coxiella burnetii" Notes="CDC Codes: 10257" PreferredModel="GCDCSurveillanceModel" PreferredClusterModel="Cluster" Category="Disease" Type="Disease" Timeframe="10957" GracePeriod="0" Status="Active" ParticipantCardinality="Single" PartyCategory="Person" DataMode="Identified" CaseDataMapName="GCDC_MAPPING"/>
    <ProductDefinition Code="QFCHRONIC" Name="Q fever, Chronic" Description="Coxiella burnetii" Notes="CDC Codes: 10258" PreferredModel="GCDCSurveillanceModel" PreferredClusterModel="Cluster" Category="Disease" Type="Disease" Timeframe="10957" GracePeriod="0" Status="Active" ParticipantCardinality="Single" PartyCategory="Person" DataMode="Identified" CaseDataMapName="GCDC_MAPPING"/>
    <ProductDefinition Code="Rab_In_Rep" Name="Rabies Incident Report" Description="Rabies incident Report" PreferredModel="GCDCSurveillanceModel" Category="Disease" Type="Injury" Timeframe="-1" GracePeriod="-1" Status="Active" ParticipantCardinality="Single" PartyCategory="Person" DataMode="Identified" CaseDataMapName="GCDC_MAPPING"/>
    <ProductDefinition Code="RAB" Name="Rabies- human" Notes="CDC Codes:10460" PreferredModel="GCDCSurveillanceModel" Category="Disease" Type="Disease" Timeframe="10957" GracePeriod="0" Status="Active" ParticipantCardinality="Single" PartyCategory="Person" DataMode="Identified" CaseDataMapName="GCDC_MAPPING"/>
    <ProductDefinition Code="REDC" Name="Red Cross Shelter Surveillance" Description="Red Cross Shelter Surveillance" PreferredModel="GCDCSurveillanceModel" PreferredClusterModel="Cluster" Category="Disease" Type="Disease" Timeframe="-1" GracePeriod="-1" Status="Inactive" ParticipantCardinality="Single" PartyCategory="Person" DataMode="Identified" CaseDataMapName="GCDC_MAPPING"/>
    <ProductDefinition Code="RSV" Name="Respiratory Syncytial Virus" Description="Respiratory Syncytial Virus" Notes="DSHS Code: 88733" PreferredModel="GCDCSurveillanceModel" PreferredClusterModel="Cluster" Category="Disease" Type="Disease" Timeframe="-1" GracePeriod="-1" Status="Active" ParticipantCardinality="Single" PartyCategory="Person" DataMode="Identified" CaseDataMapName="GCDC_MAPPING"/>
    <ProductDefinition Code="RICU" Name="Rickettsia, unspecified" Description="Rickettsia, unspecified" PreferredModel="GCDCSurveillanceModel" PreferredClusterModel="Cluster" Category="Disease" Type="Disease" Timeframe="90" GracePeriod="0" Status="Active" ParticipantCardinality="Single" PartyCategory="Person" DataMode="Identified" CaseDataMapName="GCDC_MAPPING"/>
    <ProductDefinition Code="RMSF" Name="Rocky Mountain Spotted Fever" Description="Rickettsia rickettsii" Notes="CDC Codes:10250" PreferredModel="GCDCSurveillanceModel" PreferredClusterModel="Cluster" Category="Disease" Type="Disease" Timeframe="10957" GracePeriod="0" Status="Active" ParticipantCardinality="Single" PartyCategory="Person" DataMode="Identified" CaseDataMapName="GCDC_MAPPING"/>
    <ProductDefinition Code="RUB" Name="Rubella" Description="rubella virus" Notes="CDC Codes:10200" PreferredModel="VPDSurveillanceModel" PreferredClusterModel="Cluster" Category="Disease" Type="Disease" Timeframe="90" GracePeriod="0" Status="Active" ParticipantCardinality="Single" PartyCategory="Person" DataMode="Identified" CaseDataMapName="VPD_MAPPING"/>
    <ProductDefinition Code="RUBCONG" Name="Rubella - congenital" Description="rubella virus (congenital)" Notes="CDC Codes:10370" PreferredModel="VPDSurveillanceModel" PreferredClusterModel="Cluster" Category="Disease" Type="Disease" Timeframe="90" GracePeriod="0" Status="Active" ParticipantCardinality="Single" PartyCategory="Person" DataMode="Identified" CaseDataMapName="VPD_MAPPING"/>
    <ProductDefinition Code="MEAS" Name="Rubeola (Measles)" Description="Measles virus" Notes="CDC Codes:10140" PreferredModel="VPDSurveillanceModel" PreferredClusterModel="Cluster" Category="Disease" Type="Disease" Timeframe="90" GracePeriod="0" Status="Active" ParticipantCardinality="Single" PartyCategory="Person" DataMode="Identified" CaseDataMapName="VPD_MAPPING"/>
    <ProductDefinition Code="SAL" Name="Salmonellosis, non-Paratyphi/non-Typhi" Description="Salmonella sp" Notes="CDC Codes:50265" PreferredModel="GCDCSurveillanceModel" PreferredClusterModel="Cluster" Category="Disease" Type="Disease" Timeframe="90" GracePeriod="45" Status="Active" ParticipantCardinality="Single" PartyCategory="Person" DataMode="Identified" CaseDataMapName="GCDC_MAPPING"/>
    <ProductDefinition Code="SANDBOX" Name="Sandbox for Testing" Description="Sandbox for Testing" Notes="Use this product to build and test" PreferredModel="Default" PreferredClusterModel="Cluster" Category="Disease" Type="Disease" Timeframe="365" GracePeriod="365" Status="Active" ParticipantCardinality="Single" PartyCategory="Person" DataMode="Identified" CaseDataMapName="DEFAULT_DR_MAPPING"/>
    <ProductDefinition Code="SARS" Name="SARS (coronavirus infection)" Description="corona virus" Notes="CDC Codes:10575" PreferredModel="GCDCSurveillanceModel" PreferredClusterModel="Cluster" Category="Disease" Type="Disease" Timeframe="10957" GracePeriod="0" Status="Active" ParticipantCardinality="Single" PartyCategory="Person" DataMode="Identified" CaseDataMapName="GCDC_MAPPING"/>
    <ProductDefinition Code="SCAB" Name="Scabies" Description="Human Scabies" PreferredModel="GCDCSurveillanceModel" PreferredClusterModel="Cluster" Category="Disease" Type="Disease" Timeframe="-1" GracePeriod="-1" Status="Active" ParticipantCardinality="Single" PartyCategory="Person" DataMode="Identified" CaseDataMapName="GCDC_MAPPING"/>
    <ProductDefinition Code="SHELT" Name="Shelter Syndrome Surveillance" Description="Shelter Syndrome Surveillance" PreferredModel="GCDCSurveillanceModel" PreferredClusterModel="Cluster" Category="Disease" Type="Disease" Timeframe="-1" GracePeriod="-1" Status="Active" ParticipantCardinality="Single" PartyCategory="Person" DataMode="Identified" CaseDataMapName="GCDC_MAPPING"/>
    <ProductDefinition Code="SHIG" Name="Shigellosis" Description="Shigella sp" Notes="CDC Codes:11010" PreferredModel="GCDCSurveillanceModel" PreferredClusterModel="Cluster" Category="Disease" Type="Disease" Timeframe="90" GracePeriod="30" Status="Active" ParticipantCardinality="Single" PartyCategory="Person" DataMode="Identified" CaseDataMapName="GCDC_MAPPING"/>
    <ProductDefinition Code="SMPOX" Name="Smallpox" Description="Smallpox" Notes="CDC Codes:11800" PreferredModel="GCDCSurveillanceModel" PreferredClusterModel="Cluster" Category="Disease" Type="Disease" Timeframe="10957" GracePeriod="0" Status="Active" ParticipantCardinality="Single" PartyCategory="Person" DataMode="Identified" CaseDataMapName="GCDC_MAPPING"/>
    <ProductDefinition Code="VRSA" Name="Staph aureau, vanomycin resistance" Description="Staph aureau, vanomycin resistance" Notes="CDC Codes: 11663" PreferredModel="GCDCSurveillanceModel" Category="Disease" Type="Disease" Timeframe="90" GracePeriod="0" Status="Active" ParticipantCardinality="Single" PartyCategory="Person" DataMode="Identified" CaseDataMapName="GCDC_MAPPING"/>
    <ProductDefinition Code="MRSA" Name="Staph aureaus, methicillin resistant" Description="Methicillin resistant Staph aureaus" Notes="CDC Codes: 11661" PreferredModel="GCDCSurveillanceModel" PreferredClusterModel="Cluster" Category="Disease" Type="Disease" Timeframe="90" GracePeriod="0" Status="Active" ParticipantCardinality="Single" PartyCategory="Person" DataMode="Identified" CaseDataMapName="GCDC_MAPPING"/>
    <ProductDefinition Code="SAUR" Name="Staph aureus, reduced suscept. to vancomycin (VISA/VRSA)" Description="Staph aureus, reduced susceptibility to vancomycin (VISA/VRSA)" Notes="CDC Codes:88888" PreferredModel="GCDCSurveillanceModel" PreferredClusterModel="Cluster" Category="Disease" Type="Disease" Timeframe="90" GracePeriod="0" Status="Active" ParticipantCardinality="Single" PartyCategory="Person" DataMode="Identified" CaseDataMapName="GCDC_MAPPING"/>
    <ProductDefinition Code="VISA" Name="Staph aureus, vancomycin intermediate" Description="Staph aureus, vancomycin intermediate" Notes="CDC Codes: 11665" PreferredModel="GCDCSurveillanceModel" Category="Disease" Type="Disease" Timeframe="90" GracePeriod="0" Status="Active" ParticipantCardinality="Single" PartyCategory="Person" DataMode="Identified" CaseDataMapName="GCDC_MAPPING"/>
    <ProductDefinition Code="STRA" Name="Streptococcal invasive infection, Group A" Description="Streptococcus group A" Notes="CDC Codes:11710" PreferredModel="GCDCSurveillanceModel" PreferredClusterModel="Cluster" Category="Disease" Type="Disease" Timeframe="120" GracePeriod="0" Status="Active" ParticipantCardinality="Single" PartyCategory="Person" DataMode="Identified" CaseDataMapName="GCDC_MAPPING"/>
    <ProductDefinition Code="STRB" Name="Streptococcal invasive infection, Group B" Description="Streptococcus group B" Notes="CDC Codes: 11715" PreferredModel="GCDCSurveillanceModel" PreferredClusterModel="Cluster" Category="Disease" Type="Disease" Timeframe="120" GracePeriod="0" Status="Active" ParticipantCardinality="Single" PartyCategory="Person" DataMode="Identified" CaseDataMapName="GCDC_MAPPING"/>
    <ProductDefinition Code="STRSP" Name="Streptococcal invasive infection, Group S. Pneumo" Description="Streptococcus group S. Pneumo" Notes="CDC Codes: 11723" PreferredModel="GCDCSurveillanceModel" PreferredClusterModel="Cluster" Category="Disease" Type="Disease" Timeframe="120" GracePeriod="0" Status="Active" ParticipantCardinality="Single" PartyCategory="Person" DataMode="Identified" CaseDataMapName="GCDC_MAPPING"/>
    <ProductDefinition Code="PSYPH" Name="Syphilis - 01. Primary Syphilis" Description="Treponema pallidum" Notes="CDC Codes:" PreferredModel="HIV_STDSurveillanceModel" PreferredClusterModel="Cluster" Category="Disease" Type="Disease" Timeframe="180" GracePeriod="0" Status="Active" ParticipantCardinality="Single" PartyCategory="Person" DataMode="Identified" CaseDataMapName="HIV_STD_MAPPING"/>
    <ProductDefinition Code="SSYPH" Name="Syphilis - 02. Secondary Syphilis" Description="Treponema pallidum" Notes="CDC Codes:" PreferredModel="HIV_STDSurveillanceModel" PreferredClusterModel="Cluster" Category="Disease" Type="Disease" Timeframe="180" GracePeriod="0" Status="Active" ParticipantCardinality="Single" PartyCategory="Person" DataMode="Identified" CaseDataMapName="HIV_STD_MAPPING"/>
    <ProductDefinition Code="ELSYPH" Name="Syphilis - 03. Early Latent Syphilis" Description="Treponema pallidum" Notes="CDC Codes:" PreferredModel="HIV_STDSurveillanceModel" PreferredClusterModel="Cluster" Category="Disease" Type="Disease" Timeframe="180" GracePeriod="0" Status="Active" ParticipantCardinality="Single" PartyCategory="Person" DataMode="Identified" CaseDataMapName="HIV_STD_MAPPING"/>
    <ProductDefinition Code="USYPH" Name="Syphilis - 04. Latent (unk dur) Syphilis" Description="Treponema pallidum" Notes="CDC Codes:" PreferredModel="HIV_STDSurveillanceModel" PreferredClusterModel="Cluster" Category="Disease" Type="Disease" Timeframe="180" GracePeriod="0" Status="Active" ParticipantCardinality="Single" PartyCategory="Person" DataMode="Identified" CaseDataMapName="HIV_STD_MAPPING"/>
    <ProductDefinition Code="LLSYPH" Name="Syphilis - 05. Late Latent Syphilis" Description="Treponema pallidum" Notes="CDC Codes:" PreferredModel="HIV_STDSurveillanceModel" PreferredClusterModel="Cluster" Category="Disease" Type="Disease" Timeframe="180" GracePeriod="0" Status="Active" ParticipantCardinality="Single" PartyCategory="Person" DataMode="Identified" CaseDataMapName="HIV_STD_MAPPING"/>
    <ProductDefinition Code="LSYPH" Name="Syphilis - 06. Late Syphilis w/ symptoms" Description="Treponema pallidum" Notes="CDC Codes:" PreferredModel="HIV_STDSurveillanceModel" PreferredClusterModel="Cluster" Category="Disease" Type="Disease" Timeframe="180" GracePeriod="0" Status="Active" ParticipantCardinality="Single" PartyCategory="Person" DataMode="Identified" CaseDataMapName="HIV_STD_MAPPING"/>
    <ProductDefinition Code="NSYPH" Name="Syphilis - 07. Neurosyphilis" Description="Treponema pallidum" Notes="CDC Codes:" PreferredModel="HIV_STDSurveillanceModel" PreferredClusterModel="Cluster" Category="Disease" Type="Disease" Timeframe="180" GracePeriod="0" Status="Active" ParticipantCardinality="Single" PartyCategory="Person" DataMode="Identified" CaseDataMapName="HIV_STD_MAPPING"/>
    <ProductDefinition Code="CONGSYPH" Name="Syphilis - 08. Congenital Syphilis" Description="Treponema pallidum" Notes="CDC Codes:" PreferredModel="HIV_STDSurveillanceModel" PreferredClusterModel="Cluster" Category="Disease" Type="Disease" Timeframe="180" GracePeriod="0" Status="Active" ParticipantCardinality="Single" PartyCategory="Person" DataMode="Identified" CaseDataMapName="HIV_STD_MAPPING"/>
    <ProductDefinition Code="SYPHILIS" Name="Syphilis - Unknown Syphilis" Description="Treponema pallidum" Notes="CDC Codes:" PreferredModel="HIV_STDSurveillanceModel" PreferredClusterModel="Cluster" Category="Disease" Type="Disease" Timeframe="30" GracePeriod="0" Status="Active" ParticipantCardinality="Single" PartyCategory="Person" DataMode="Identified" CaseDataMapName="HIV_STD_MAPPING"/>
    <ProductDefinition Code="TNIA" Name="Taeniasis" Description="Taeniasis" Notes="CDC Codes: 80680" PreferredModel="GCDCSurveillanceModel" PreferredClusterModel="Cluster" Category="Disease" Type="Disease" Timeframe="90" GracePeriod="0" Status="Active" ParticipantCardinality="Single" PartyCategory="Person" DataMode="Identified" CaseDataMapName="GCDC_MAPPING"/>
    <ProductDefinition Code="TB_ACTIVE" Name="TB" Description="TB" Notes="CDC Codes:" PreferredModel="TBSurveillanceModel" PreferredClusterModel="Cluster" Category="Disease" Type="Disease" Timeframe="10957" GracePeriod="0" Status="Active" ParticipantCardinality="Single" PartyCategory="Person" DataMode="Identified" CaseDataMapName="TB_MAPPING"/>
    <ProductDefinition Code="TB_LTBI" Name="TB - LTBI" Description="TB - LTBI" Notes="CDC Codes:" PreferredModel="TBSurveillanceModel" PreferredClusterModel="Cluster" Category="Disease" Type="Disease" Timeframe="10957" GracePeriod="0" Status="Active" ParticipantCardinality="Single" PartyCategory="Person" DataMode="Identified" CaseDataMapName="TB_MAPPING"/>
    <ProductDefinition Code="TEST" Name="TEST" Description="Practice" PreferredClusterModel="Cluster" Category="Undefined" Type="Variable Annuity" Timeframe="90" GracePeriod="45" Status="Inactive" ParticipantCardinality="Single" PartyCategory="Person" DataMode="Identified" CaseDataMapName="DEFAULT_DR_MAPPING"/>
    <ProductDefinition Code="TET" Name="Tetanus" Description="Clostridium tetani" Notes="CDC Codes:10210" PreferredModel="VPDSurveillanceModel" PreferredClusterModel="Cluster" Category="Disease" Type="Disease" Timeframe="90" GracePeriod="0" Status="Active" ParticipantCardinality="Single" PartyCategory="Person" DataMode="Identified" CaseDataMapName="VPD_MAPPING"/>
    <ProductDefinition Code="TICK_BRF" Name="Tick Borne Relapsing Fever" Description="Tick Borne Relapsing Fever" Notes="CDC Codes:10845" PreferredModel="GCDCSurveillanceModel" PreferredClusterModel="Cluster" Category="Disease" Type="Disease" Timeframe="180" GracePeriod="30" Status="Active" ParticipantCardinality="Single" PartyCategory="Person" DataMode="Identified" CaseDataMapName="GCDC_MAPPING"/>
    <ProductDefinition Code="TSS" Name="Toxic Shock Syndrome, non-streptococcal" Description="S. aureus or Group A non-streptococcus" Notes="CDC Codes:10520 and 11700" PreferredModel="GCDCSurveillanceModel" PreferredClusterModel="Cluster" Category="Disease" Type="Disease" Timeframe="90" GracePeriod="0" Status="Active" ParticipantCardinality="Single" PartyCategory="Person" DataMode="Identified" CaseDataMapName="GCDC_MAPPING"/>
    <ProductDefinition Code="TSSS" Name="Toxic Shock Syndrome, streptococcal" Description="S. aureus or Group A streptococcus (staphylococcal and streptococcal)" Notes="CDC Codes:10520 and 11700" PreferredModel="GCDCSurveillanceModel" PreferredClusterModel="Cluster" Category="Disease" Type="Disease" Timeframe="90" GracePeriod="0" Status="Active" ParticipantCardinality="Single" PartyCategory="Person" DataMode="Identified" CaseDataMapName="GCDC_MAPPING"/>
    <ProductDefinition Code="TOXIN" Name="Toxin Exposure" Description="Environmental toxin includes Ricin as well as Ricinine toxin" PreferredModel="GCDCSurveillanceModel" PreferredClusterModel="Cluster" Category="Disease" Type="Disease" Timeframe="10957" GracePeriod="0" Status="Active" ParticipantCardinality="Single" PartyCategory="Person" DataMode="Identified" CaseDataMapName="GCDC_MAPPING"/>
    <ProductDefinition Code="TRAN" Name="Transporter Exposure" Description="Transporter Exposure" PreferredModel="GCDCSurveillanceModel" Category="Disease" Type="Disease" Timeframe="90" GracePeriod="0" Status="Active" ParticipantCardinality="Single" PartyCategory="Person" DataMode="Identified" CaseDataMapName="GCDC_MAPPING"/>
    <ProductDefinition Code="TUO" Name="Travelers Under Observation" Description="Travelers Under Observation for EVD" Notes="CDC Codes: 9999" PreferredModel="Default" PreferredClusterModel="Cluster" Category="Disease" Type="Disease" Timeframe="21" GracePeriod="0" Status="Active" ParticipantCardinality="Single" PartyCategory="Person" DataMode="Identified" CaseDataMapName="DEFAULT_DR_MAPPING"/>
    <ProductDefinition Code="TRICH" Name="Trichinosis" Description="Trichinella spiralis" Notes="CDC Codes:10270" PreferredModel="GCDCSurveillanceModel" PreferredClusterModel="Cluster" Category="Disease" Type="Disease" Timeframe="90" GracePeriod="0" Status="Active" ParticipantCardinality="Single" PartyCategory="Person" DataMode="Identified" CaseDataMapName="GCDC_MAPPING"/>
    <ProductDefinition Code="TRICHU" Name="Trichuriasis" Description="Trichuriasis" PreferredModel="GCDCSurveillanceModel" PreferredClusterModel="Cluster" Category="Disease" Type="Disease" Timeframe="-1" GracePeriod="-1" Status="Active" ParticipantCardinality="Single" PartyCategory="Person" DataMode="Identified" CaseDataMapName="GCDC_MAPPING"/>
    <ProductDefinition Code="TUL" Name="Tularemia" Description="Francisella tularensis" Notes="CDC Codes:10230" PreferredModel="GCDCSurveillanceModel" PreferredClusterModel="Cluster" Category="Disease" Type="Disease" Timeframe="10957" GracePeriod="0" Status="Active" ParticipantCardinality="Single" PartyCategory="Person" DataMode="Identified" CaseDataMapName="GCDC_MAPPING"/>
    <ProductDefinition Code="TYPHCAR" Name="Typhoid - carriage" Description="Typhoid carrier" Notes="Report card code: 144" PreferredModel="GCDCSurveillanceModel" PreferredClusterModel="Cluster" Category="Disease" Type="Disease" Timeframe="10957" GracePeriod="0" Status="Active" ParticipantCardinality="Single" PartyCategory="Person" DataMode="Identified" CaseDataMapName="GCDC_MAPPING"/>
    <ProductDefinition Code="TYPHOID" Name="Typhoid Fever - Salmonella Typhi" Description="Salmonella enterica serotype Typhi (S.Typhi infection)" Notes="CDC Codes:50267" PreferredModel="GCDCSurveillanceModel" PreferredClusterModel="Cluster" Category="Disease" Type="Disease" Timeframe="120" GracePeriod="0" Status="Active" ParticipantCardinality="Single" PartyCategory="Person" DataMode="Identified" CaseDataMapName="GCDC_MAPPING"/>
    <ProductDefinition Code="TYPH" Name="Typhus Fever, endemic fleaborne" Description="Typhus fever, (epidemic fleaborne, Murine)" Notes="CDC Codes:10260" PreferredModel="GCDCSurveillanceModel" Category="Disease" Type="Disease" Timeframe="90" GracePeriod="0" Status="Active" ParticipantCardinality="Single" PartyCategory="Person" DataMode="Identified" CaseDataMapName="GCDC_MAPPING"/>
    <ProductDefinition Code="TYPHUS" Name="Typhus Fever, epidemic louseborne" Description="Typhus Fever, (epidemic louseborne, R. prowazekii)" Notes="CDC Codes:10265" PreferredModel="GCDCSurveillanceModel" PreferredClusterModel="Cluster" Category="Disease" Type="Disease" Timeframe="90" GracePeriod="0" Status="Active" ParticipantCardinality="Single" PartyCategory="Person" DataMode="Identified" CaseDataMapName="GCDC_MAPPING"/>
    <ProductDefinition Code="UNKNOWN" Name="Unknown Disease" Description="Unknown Disease" PreferredModel="Cluster" Category="Disease" Type="Disease" Timeframe="90" GracePeriod="0" Status="Active" ParticipantCardinality="Single" PartyCategory="Person" DataMode="Identified" CaseDataMapName="CLUSTER_MAPPING"/>
    <ProductDefinition Code="VAC" Name="Vaccinia" Description="Vaccinia" PreferredModel="GCDCSurveillanceModel" PreferredClusterModel="Cluster" Category="Disease" Type="Disease" Timeframe="10957" GracePeriod="0" Status="Active" ParticipantCardinality="Single" PartyCategory="Person" DataMode="Identified" CaseDataMapName="GCDC_MAPPING"/>
    <ProductDefinition Code="CPOX" Name="Varicella" Description="Varicella - zoster virus" Notes="CDC Codes:10030" PreferredModel="GCDCSurveillanceModel" PreferredClusterModel="Cluster" Category="Disease" Type="Disease" Timeframe="365" GracePeriod="0" Status="Active" ParticipantCardinality="Single" PartyCategory="Person" DataMode="Identified" CaseDataMapName="GCDC_MAPPING"/>
    <ProductDefinition Code="SHINGLES" Name="Varicella_Shingles" Description="Varicella - zoster virus" Notes="CDC Codes:10030" PreferredModel="GCDCSurveillanceModel" PreferredClusterModel="Cluster" Category="Disease" Type="Disease" Timeframe="365" GracePeriod="0" Status="Active" ParticipantCardinality="Single" PartyCategory="Person" DataMode="Identified" CaseDataMapName="GCDC_MAPPING"/>
    <ProductDefinition Code="VIBOTHER" Name="Vibrio infection (other than cholera &amp; vulnificus)" Description="Vibrio infection, Other" Notes="CDC Codes:11540" PreferredModel="GCDCSurveillanceModel" PreferredClusterModel="Cluster" Category="Disease" Type="Disease" Timeframe="90" GracePeriod="0" Status="Active" ParticipantCardinality="Single" PartyCategory="Person" DataMode="Identified" CaseDataMapName="GCDC_MAPPING"/>
    <ProductDefinition Code="VIBPARA" Name="Vibrio parahaemolyticus" Description="Vibrio parahaemolyticus" Notes="CDC Codes:11541" PreferredModel="GCDCSurveillanceModel" Category="Disease" Type="Disease" Timeframe="90" GracePeriod="30" Status="Active" ParticipantCardinality="Single" PartyCategory="Person" DataMode="Identified" CaseDataMapName="GCDC_MAPPING"/>
    <ProductDefinition Code="VIBVUL" Name="Vibrio vulnificus infection" Description="Vibrio vulnificus" Notes="CDC Codes:11542" PreferredModel="GCDCSurveillanceModel" PreferredClusterModel="Cluster" Category="Disease" Type="Disease" Timeframe="90" GracePeriod="0" Status="Active" ParticipantCardinality="Single" PartyCategory="Person" DataMode="Identified" CaseDataMapName="GCDC_MAPPING"/>
    <ProductDefinition Code="WNF" Name="West Nile Fever" Description="West Nile Fever" Notes="CDC Codes:10049" PreferredModel="GCDCSurveillanceModel" PreferredClusterModel="Cluster" Category="Disease" Type="Disease" Timeframe="180" GracePeriod="45" Status="Active" ParticipantCardinality="Single" PartyCategory="Person" DataMode="Identified" CaseDataMapName="GCDC_MAPPING"/>
    <ProductDefinition Code="COVID_19_DES" Name="Wuhan Coronavirus_DES" Description="Wuhan Coronavirus" PreferredModel="VPDSurveillanceModel" PreferredClusterModel="VPDSurveillanceModel" Category="Disease" Type="Disease" Timeframe="365" GracePeriod="365" Status="Active" ParticipantCardinality="Single" PartyCategory="Person" DataMode="Identified" CaseDataMapName="VPD_MAPPING"/>
    <ProductDefinition Code="WURAK" Name="Wuhan Rakhee" Description="Wuhan Rakhee" PreferredModel="TBSurveillanceModel" PreferredClusterModel="Cluster" Category="Disease" Type="Disease" Timeframe="-1" GracePeriod="-1" Status="Active" ParticipantCardinality="Single" PartyCategory="Person" DataMode="Identified" CaseDataMapName="TB_MAPPING"/>
    <ProductDefinition Code="WUHAN_RAZ" Name="Wuhan Razina QP" Description="Wuhan Razina Question Package" PreferredModel="HypothesisQuestionnaireModel" PreferredClusterModel="Cluster" Category="Disease" Type="Disease" Timeframe="365" GracePeriod="365" Status="Active" ParticipantCardinality="Single" PartyCategory="Person" DataMode="Identified" CaseDataMapName="DEFAULT_DR_MAPPING"/>
    <ProductDefinition Code="WUHAN_WES" Name="Wuhan Wes Test" Description="Wuhan Wes Test" PreferredModel="Default" PreferredClusterModel="Cluster" Category="Disease" Type="Disease" Timeframe="365" GracePeriod="365" Status="Active" ParticipantCardinality="Single" PartyCategory="Person" DataMode="Identified" CaseDataMapName="DEFAULT_DR_MAPPING"/>
    <ProductDefinition Code="YF" Name="Yellow Fever" Description="Yellow fever virus" Notes="CDC Codes:10660" PreferredModel="GCDCSurveillanceModel" PreferredClusterModel="Cluster" Category="Disease" Type="Disease" Timeframe="10957" GracePeriod="0" Status="Active" ParticipantCardinality="Single" PartyCategory="Person" DataMode="Identified" CaseDataMapName="GCDC_MAPPING"/>
    <ProductDefinition Code="YER" Name="Yersiniosis" Description="Yersinia sp." Notes="CDC Codes:11565" PreferredModel="GCDCSurveillanceModel" PreferredClusterModel="Cluster" Category="Disease" Type="Disease" Timeframe="90" GracePeriod="0" Status="Active" ParticipantCardinality="Single" PartyCategory="Person" DataMode="Identified" CaseDataMapName="GCDC_MAPPING"/>
    <ProductDefinition Code="ZIKA" Name="Zika" Description="Zika virus infection" Notes="DSHS Code: 80928" PreferredModel="GCDCSurveillanceModel" PreferredClusterModel="Cluster" Category="Disease" Type="Disease" Timeframe="365" GracePeriod="45" Status="Active" ParticipantCardinality="Single" PartyCategory="Person" DataMode="Identified" CaseDataMapName="GCDC_MAPPING"/>
    <ProductDefinition Code="ZRA" Name="Zika Rapid Assessment" Description="Zika Rapid Assessment" PreferredModel="GCDCSurveillanceModel" PreferredClusterModel="Cluster" Category="Disease" Type="Disease" Timeframe="30" GracePeriod="15" Status="Active" ParticipantCardinality="Single" PartyCategory="Person" DataMode="Identified" CaseDataMapName="GCDC_MAPPING"/>
</MavenIntegrationFormat>