<?xml version="1.0" encoding="UTF-8"?>
<MavenIntegrationFormat GenerationTime="2021-09-04T11:48:24" GeneratingUserLogin="Not Available" GeneratingSystem="Maven" DateFormat="MM/dd/yyyy">
    <PartyDefinition CreateDate="2021-07-10T16:12:21" ModificationDate="2021-07-10T16:12:21" FirstName="Doc" LastName="Ock" FullName="Doc Ock" LivingStatus="Alive" Type="Reference" Status="Active" ExternalID="PENFGWBTTTGIRK" Deidentified="false" Category="Person" ReferenceCategory="Physician">
        <ContactPointDefinition Type="Home" PrimaryAddress="false" State="TX" Country="USA"/>
    </PartyDefinition>
    <PartyDefinition CreateDate="2020-09-10T14:51:03" ModificationDate="2020-09-10T15:43:28" FirstName="Adolfo" LastName="Garcia" FullName="Adolfo Garcia" Title="Mr." BirthDate="1965-01-01" LivingStatus="Alive" Type="Reference" Status="Active" Gender="Male" ExternalID="PDPFEQTZXVVVG" Deidentified="false" Category="Person" ReferenceCategory="Other">
        <ContactPointDefinition Type="Home" PrimaryAddress="false" Street1="401 Hildebrand" PostalCode="76303" City="Conroe" State="TX" County="Montgomery County" Country="USA" MobilePhone="(936) 525-7907" ContactMethod="Mobile phone"/>
    </PartyDefinition>
    <PartyDefinition CreateDate="2020-09-10T15:25:21" ModificationDate="2020-09-10T15:48:19" FirstName="Analise" LastName="Zarate" FullName="Analise Zarate" Title="Ms." BirthDate="2018-07-07" LivingStatus="Alive" Type="Reference" Status="Active" Gender="Female" ExternalID="PDPFEQUCYZWBO" Deidentified="false" Category="Person" ReferenceCategory="Other">
        <ContactPointDefinition Type="Home" PrimaryAddress="false" Street1="3220 Clearview Circle" PostalCode="77025" City="Houston" State="TX" County="Harris County" Country="USA" MobilePhone="(713) 449-7153" ContactMethod="Mobile phone" Latitude="29.6675800000000009504219633527100086212158203125" Longitude="-95.4335999999999984311216394416987895965576171875" ValidationStatus="Pending" GeocodeStatus="Successful" GeocodeQuality="-1"/>
    </PartyDefinition>
    <PartyDefinition CreateDate="2020-09-16T10:36:43" ModificationDate="2020-09-16T10:55:50" FirstName="Desiree" LastName="Ortiz" FullName="Desiree Ortiz" Title="Ms." BirthDate="1994-01-01" LivingStatus="Alive" Type="Reference" Status="Active" Gender="Female" ExternalID="PDPFERWQFJDQF" Deidentified="false" Category="Person" ReferenceCategory="Other">
        <ContactPointDefinition Type="Home" PrimaryAddress="false" Street1="6210 Turquesa Dr." PostalCode="77048" City="Houston" State="TX" County="Harris County" Country="USA" MobilePhone="(832) 359-5440" ContactMethod="Mobile phone" Latitude="29.62051999999999907231540419161319732666015625" Longitude="-95.3303800000000052250470616854727268218994140625" ValidationStatus="Pending" GeocodeStatus="Successful" GeocodeQuality="-1"/>
    </PartyDefinition>
    <PartyDefinition CreateDate="2020-09-10T15:29:36" ModificationDate="2020-09-10T16:04:17" FirstName="Elizabeth" LastName="Zarate" FullName="Elizabeth Zarate" Title="Ms." LivingStatus="Alive" Type="Reference" Status="Active" Gender="Female" ExternalID="PDPFEQUDIUWCR" Deidentified="false" Category="Person" ReferenceCategory="Other">
        <ContactPointDefinition Type="Home" PrimaryAddress="false" Street1="3220 Clearview Circle" PostalCode="77025" City="Houston" State="TX" County="Harris County" Country="USA" MobilePhone="(713) 449-7153" ContactMethod="Mobile phone" Latitude="29.6675800000000009504219633527100086212158203125" Longitude="-95.4335999999999984311216394416987895965576171875" ValidationStatus="Pending" GeocodeStatus="Successful" GeocodeQuality="-1"/>
    </PartyDefinition>
    <PartyDefinition CreateDate="2020-09-15T16:58:31" ModificationDate="2020-09-15T17:37:49" FirstName="Fiancee" FullName="Fiancee" Title="Mr." LivingStatus="Alive" Type="Reference" Status="Active" Gender="Male" ExternalID="PDPFERTAHJERO" Deidentified="false" Category="Person" ReferenceCategory="Other">
        <ContactPointDefinition Type="Home" PrimaryAddress="false" Street1="414 Yale Oaks Ln" PostalCode="77091" City="Houston" State="TX" County="Harris County" Country="USA" MobilePhone="(281) 224-3462" Latitude="29.853750000000001563194018672220408916473388671875" Longitude="-95.405180000000001427906681783497333526611328125" ValidationStatus="Pending" GeocodeStatus="Successful" GeocodeQuality="-1"/>
    </PartyDefinition>
    <PartyDefinition CreateDate="2020-09-14T14:58:41" ModificationDate="2020-09-14T15:31:37" FirstName="Hector" MiddleName="Felipe" LastName="Gregorio" FullName="Hector Felipe Gregorio" Title="Mr." BirthDate="2009-04-20" LivingStatus="Alive" Type="Reference" Status="Active" Gender="Male" ExternalID="PDPFERNRVTBGHD" Deidentified="false" Category="Person" ReferenceCategory="Other">
        <ContactPointDefinition Type="Home" PrimaryAddress="false" Street1="9419 Leader" PostalCode="77036" City="Houston" State="TX" County="Harris County" Country="USA" HomePhone="(832) 837-7272" ContactMethod="Home phone" Latitude="29.703669999999998907469489495269954204559326171875" Longitude="-95.5493799999999993133315001614391803741455078125" ValidationStatus="Pending" GeocodeStatus="Successful" GeocodeQuality="-1"/>
    </PartyDefinition>
    <PartyDefinition CreateDate="2020-09-10T12:00:31" ModificationDate="2020-09-10T12:29:46" FirstName="Ida" LastName="Oliver" FullName="Ida Oliver" LivingStatus="Alive" Type="Reference" Status="Active" ExternalID="PDPFEQTKUHUKE" Deidentified="false" Category="Person" ReferenceCategory="Other">
        <ContactPointDefinition Type="Home" PrimaryAddress="false" Street1="5506 Flamingo Dr" PostalCode="77033" City="Houston" State="TX" County="Harris County" Country="USA" HomePhone="(713) 733-9535" ContactMethod="Home phone" Latitude="29.66046000000000049112713895738124847412109375" Longitude="-95.3412900000000007594280759803950786590576171875" ValidationStatus="Pending" GeocodeStatus="Successful" GeocodeQuality="-1"/>
    </PartyDefinition>
    <PartyDefinition CreateDate="2020-09-10T16:38:24" ModificationDate="2020-09-10T17:21:39" FirstName="Jonathon" LastName="Zarate" FullName="Jonathon Zarate" Title="Mr." BirthDate="1986-08-24" LivingStatus="Alive" Type="Reference" Status="Active" Gender="Male" ExternalID="PDPFEQUJLOXBR" Deidentified="false" Category="Person" ReferenceCategory="Other">
        <ContactPointDefinition Type="Home" PrimaryAddress="false" Street1="1514 Jerrik" PostalCode="77053" City="Houston" State="TX" County="Harris County" Country="USA" MobilePhone="(832) 739-2470" ContactMethod="Mobile phone" Latitude="29.59600999999999970668795867823064327239990234375" Longitude="-95.4530400000000014415491023100912570953369140625" ValidationStatus="Pending" GeocodeStatus="Successful" GeocodeQuality="-1"/>
    </PartyDefinition>
    <PartyDefinition CreateDate="2020-09-10T15:14:49" ModificationDate="2020-09-10T16:02:19" FirstName="Jose" MiddleName="Zarate" FullName="Jose Zarate" Title="Mr." BirthDate="1976-08-30" LivingStatus="Alive" Type="Reference" Status="Active" Gender="Male" ExternalID="PDPFEQUCARVZJ" Deidentified="false" Category="Person" ReferenceCategory="Other">
        <ContactPointDefinition Type="Home" PrimaryAddress="false" Street1="3220 Clearview Circle" PostalCode="77025" City="Houston" State="TX" County="Harris County" Country="USA" MobilePhone="(713) 449-7153" ContactMethod="Mobile phone" Latitude="29.6675800000000009504219633527100086212158203125" Longitude="-95.4335999999999984311216394416987895965576171875" ValidationStatus="Pending" GeocodeStatus="Successful" GeocodeQuality="-1"/>
    </PartyDefinition>
    <PartyDefinition CreateDate="2020-09-14T15:31:56" ModificationDate="2020-09-14T15:58:11" FirstName="Marvin" MiddleName="Felipe" LastName="Games" FullName="Marvin Felipe Games" Title="Mr." BirthDate="1996-08-21" LivingStatus="Alive" Type="Reference" Status="Active" Gender="Male" ExternalID="PDPFERNUEBBJJY" Deidentified="false" Category="Person" ReferenceCategory="Other">
        <ContactPointDefinition Type="Home" PrimaryAddress="false" Street1="9419 Leader" PostalCode="77036" City="Houston" State="TX" County="Harris County" Country="USA" HomePhone="(832) 837-7272" ContactMethod="Home phone"/>
        <PartyAttributeDefinition Name="retiredExternalID.1" Value="PDPFERNUUMBKMO" Iteration="0" Type="-1"/>
    </PartyDefinition>
    <PartyDefinition CreateDate="2020-09-14T15:41:59" ModificationDate="2020-09-14T16:10:20" FirstName="Merdi" LastName="De La Cruz" FullName="Merdi De La Cruz" Title="Mr." BirthDate="1994-11-22" LivingStatus="Alive" Type="Reference" Status="Active" Gender="Male" ExternalID="PDPFERNVRRBKSP" Deidentified="false" Category="Person" ReferenceCategory="Other">
        <ContactPointDefinition Type="Home" PrimaryAddress="false" State="TX" Country="USA"/>
    </PartyDefinition>
    <PartyDefinition CreateDate="2020-09-10T11:14:30" ModificationDate="2020-09-10T12:03:15" FirstName="Mireya" LastName="Zarate" FullName="Mireya Zarate" Title="Ms." BirthDate="1975-02-11" LivingStatus="Alive" Type="Reference" Status="Active" Gender="Female" ExternalID="PDPFEQTGSCSSI" Deidentified="false" Category="Person" ReferenceCategory="Other">
        <ContactPointDefinition Type="Home" PrimaryAddress="false" Street1="6508 Stillwater Dr." PostalCode="77584" City="Pearland" State="TX" County="Fort Bend County" Country="USA" MobilePhone="(832) 693-0523" ContactMethod="Mobile phone" Latitude="29.5456199999999995498001226224005222320556640625" Longitude="-95.3208300000000008367351256310939788818359375" ValidationStatus="Pending" GeocodeStatus="Successful" GeocodeQuality="-1"/>
    </PartyDefinition>
    <PartyDefinition CreateDate="2020-09-21T11:51:56" ModificationDate="2020-09-21T12:53:57" FirstName="Olga" MiddleName="Paloma" LastName="Franco" FullName="Olga Paloma Franco" Title="Ms." BirthDate="1993-11-11" LivingStatus="Alive" Type="Reference" Status="Active" Gender="Female" ExternalID="PDPFERWLOKDAK" Deidentified="false" Category="Person" ReferenceCategory="Other">
        <ContactPointDefinition Type="Home" PrimaryAddress="false" Street1="112 E. 32 Nd" PostalCode="77007" City="Houston" State="TX" County="Harris County" Country="USA" HomePhone="(713) 815-5925" MobilePhone="(713) 815-5925" ContactMethod="Home phone"/>
        <PartyAttributeDefinition Name="retiredExternalID.1" Value="PDPFESVLYICYI" Iteration="0" Type="-1"/>
    </PartyDefinition>
    <PartyDefinition CreateDate="2020-09-15T17:54:20" ModificationDate="2020-09-15T18:32:24" FirstName="Raymond" LastName="Franco" FullName="Raymond Franco" Title="Mr." LivingStatus="Alive" Type="Reference" Status="Active" Gender="Male" ExternalID="PDPFERTFGEFKN" Deidentified="false" Category="Person" ReferenceCategory="Other">
        <ContactPointDefinition Type="Home" PrimaryAddress="false" State="TX" Country="USA" MobilePhone="(713) 815-5925"/>
    </PartyDefinition>
    <PartyDefinition CreateDate="2020-09-15T17:52:50" ModificationDate="2020-09-15T18:26:56" FirstName="Raymond" LastName="Franco" FullName="Raymond Franco" Title="Mr." LivingStatus="Alive" Type="Reference" Status="Active" Gender="Male" ExternalID="PDPFERTFCSFKJ" Deidentified="false" Category="Person" ReferenceCategory="Other">
        <ContactPointDefinition Type="Home" PrimaryAddress="false" State="TX" Country="USA"/>
    </PartyDefinition>
    <PartyDefinition CreateDate="2020-09-10T16:50:27" ModificationDate="2020-09-10T17:18:41" FirstName="Ruth" MiddleName="Estaphania" LastName="Aguilera" FullName="Ruth Estaphania Aguilera" Title="Ms." BirthDate="2001-07-08" LivingStatus="Alive" Type="Reference" Status="Active" Gender="Female" ExternalID="PDPFEQUKNJXEW" Deidentified="false" Category="Person" ReferenceCategory="Other">
        <ContactPointDefinition Type="Home" PrimaryAddress="false" Street1="1514 Jerrik" PostalCode="77053" City="Houston" State="TX" County="Harris County" Country="USA" MobilePhone="(832) 739-2470" ContactMethod="Mobile phone" Latitude="29.59600999999999970668795867823064327239990234375" Longitude="-95.4530400000000014415491023100912570953369140625" ValidationStatus="Pending" GeocodeStatus="Successful" GeocodeQuality="-1"/>
    </PartyDefinition>
    <PartyDefinition CreateDate="2020-09-10T16:24:21" ModificationDate="2020-09-10T16:52:50" FirstName="Ruth" LastName="Ramirez" FullName="Ruth Ramirez" Title="Ms." BirthDate="1969-10-06" LivingStatus="Alive" Type="Reference" Status="Active" Gender="Female" ExternalID="PDPFEQUIFDWYJ" Deidentified="false" Category="Person" ReferenceCategory="Other">
        <ContactPointDefinition Type="Home" PrimaryAddress="false" Street1="1514 Jerrik" PostalCode="77053" City="Houston" State="TX" County="Harris County" Country="USA" MobilePhone="(832) 739-2470" ContactMethod="Mobile phone" Latitude="29.59600999999999970668795867823064327239990234375" Longitude="-95.4530400000000014415491023100912570953369140625" ValidationStatus="Pending" GeocodeStatus="Successful" GeocodeQuality="-1"/>
    </PartyDefinition>
    <PartyDefinition CreateDate="2020-07-17T14:02:52" ModificationDate="2020-07-17T14:27:02" FirstName="Ryo" LastName="Nakakoji" FullName="Ryo Nakakoji" LivingStatus="Alive" Type="Reference" Status="Active" ExternalID="PDPFEGJMBKBWSX" Deidentified="false" Category="Person" ReferenceCategory="Other">
        <ContactPointDefinition Type="Home" PrimaryAddress="false" State="TX" Country="USA" HomePhone="(832) 630-0141"/>
    </PartyDefinition>
    <PartyDefinition CreateDate="2020-09-10T14:17:32" ModificationDate="2020-09-10T14:54:05" FirstName="Sandra" LastName="Ramirez" FullName="Sandra Ramirez" Title="Ms." BirthDate="1973-05-14" LivingStatus="Alive" Type="Reference" Status="Active" Gender="Female" ExternalID="PDPFEQTXOPVIM" Deidentified="false" Category="Person" ReferenceCategory="Other">
        <ContactPointDefinition Type="Home" PrimaryAddress="false" Street1="13611 Woodring" PostalCode="77045" City="Houston" State="TX" County="Harris County" Country="USA" HomePhone="(832) 504-8441" ContactMethod="Home phone"/>
        <PartyAttributeDefinition Name="retiredExternalID.1" Value="PDPFEQTWYMVGI" Iteration="0" Type="-1"/>
    </PartyDefinition>
    <PartyDefinition CreateDate="2020-09-15T17:46:33" ModificationDate="2020-09-15T18:28:17" FirstName="Sergio" LastName="Garcia" FullName="Sergio Garcia" Title="Mr." BirthDate="2000-09-14" LivingStatus="Alive" Type="Reference" Status="Active" Gender="Male" ExternalID="PDPFERTEOFFJR" Deidentified="false" Category="Person" ReferenceCategory="Other">
        <ContactPointDefinition Type="Home" PrimaryAddress="false" Street1="1851 Lombardy" PostalCode="77023" City="Housto" State="TX" County="Harris County" Country="USA" MobilePhone="(281) 716-7777" ContactMethod="Mobile phone" Latitude="29.72507999999999839246811461634933948516845703125" Longitude="-95.32648000000000365616870112717151641845703125" ValidationStatus="Pending" GeocodeStatus="Successful" GeocodeQuality="-1"/>
    </PartyDefinition>
</MavenIntegrationFormat>