<?xml version="1.0" encoding="UTF-8" ?>
<!DOCTYPE Model SYSTEM "Model.dtd">
<Model Name="NC DPH NEDSS Outbreak Model" Description="NC DPH NEDSS Outbreak Model" ModificationDate="2021-07-06T18:47:29">
    <QuestionPackages BaseCasePackage="BASE_CASE" BasePackage="BASE" >
        <QuestionPackage UniqueID="BASE" Name="" >
            <QuestionPackageTrigger QuestionPackage="DISASTER_RELATED_FATALITIES" />
            <QuestionPackageTrigger QuestionPackage="OUTBREAK" />
        </QuestionPackage>
        <QuestionPackage UniqueID="BASE_CASE" Name="" />
        <QuestionPackage UniqueID="OUTBREAK" Name="Outbreak / Exposure Information" Description="Outbreak / Exposure Information" >
            <Question UniqueID="EVENT_ID" Message="Event ID" Required="false" Visible="true" Editable="false" >
                <AnswerFreeform Type="String" />
            </Question>
            <Question UniqueID="HEALTH_SERVICE_AREA" Message="Please specify the assigned Health Service Area" Required="true" Visible="true" >
                <AnswerSelection RenderingChoice="Auto" >
                    <SelectionChoice UniqueID="HEALTH_SERVICE_AREA_A" Name="Area A" Value="A" />
                    <SelectionChoice UniqueID="HEALTH_SERVICE_AREA_B" Name="Area B" Value="B" />
                    <SelectionChoice UniqueID="HEALTH_SERVICE_AREA_C" Name="Area C" Value="C" />
                </AnswerSelection>
            </Question>
            <Question UniqueID="RELATED_OUTBREAK" Message="Is this outbreak related to another outbreak / exposure?" Required="false" Visible="true" >
                <AnswerSelection >
                    <SelectionChoice UniqueID="RELATED_OUTBREAK_YES" Name="Yes" Value="YES" >
                        <Question UniqueID="RELATED_OUTBREAK_NAME" Message="What is the name of the related outbreak / exposure?" Required="false" Visible="true" >
                            <AnswerFreeform Type="String" />
                        </Question>
                    </SelectionChoice>
                    <SelectionChoice UniqueID="RELATED_OUTBREAK_NO" Name="No" Value="NO" />
                </AnswerSelection>
                <QuestionSimpleCondition Operation="NotExists" MatchRepetition="true" >
                    <LHS Reference="DISEASE_PFGE" />
                </QuestionSimpleCondition>
            </Question>
            <Question UniqueID="OUTBREAK_RECOGNIZED_DATE" Message="Date the outbreak / exposure was recognized" Required="false" Visible="true" >
                <AnswerFreeform Type="Date" Validator="Date" />
                <QuestionSimpleCondition Operation="NotExists" MatchRepetition="true" >
                    <LHS Reference="DISEASE_PFGE" />
                </QuestionSimpleCondition>
            </Question>
            <Question UniqueID="OUTBREAK_CATEGORY" Message="What is the initial category of outbreak / exposure?" Required="false" Visible="true" >
                <AnswerSelection >
                    <SelectionChoice UniqueID="OUTBREAK_CATEGORY_FB" Name="Foodborne" Value="FB" >
                        <Question UniqueID="OUTBREAK_SUMMARY_SUBMITTED_CDC" Message="Has the outbreak summary been submitted to the CDC within 60 days as required by law?" Required="true" Visible="true" >
                            <AnswerSelection >
                                <SelectionChoice UniqueID="OUTBREAK_SUMMARY_SUBMITTED_CDC_YES" Name="Yes" Value="YES" />
                                <SelectionChoice UniqueID="OUTBREAK_SUMMARY_SUBMITTED_CDC_NO" Name="No" Value="NO" />
                            </AnswerSelection>
                            <QuestionSimpleCondition Operation="Exists" MatchRepetition="true" >
                                <LHS Reference="OUTBREAK_CATEGORY_FB" />
                            </QuestionSimpleCondition>
                        </Question>
                    </SelectionChoice>
                    <SelectionChoice UniqueID="OUTBREAK_CATEGORY_OTHER" Name="Other communicable disease" Value="OTHER" >
                        <Question UniqueID="OUTBREAK_CATEGORY_OTHER_SPECIFY" Message="Please specify communicable disease" Required="false" Visible="true" >
                            <AnswerFreeform Type="String" />
                        </Question>
                    </SelectionChoice>
                    <SelectionChoice UniqueID="OUTBREAK_CATEGORY_ENV" Name="Environmental exposure (non-communicable disease)" Value="ENV" />
                </AnswerSelection>
            </Question>
            <Question UniqueID="OUTBREAK_OWNER" Message="Lead Investigator" Required="false" Visible="true" DefaultRepetitionCollapse="true" MessageWhileCollapsed="Investigator Information (Current Lead Investigator is the last name listed)" Repeatable="true" ToolTip="The last name on this list is the current lead investigator." >
                <AnswerFreeform Type="User" >
                    <Question UniqueID="OUTBREAK_OWNER_START_DATE" Message="Investigator start date" Required="false" Visible="true" >
                        <AnswerFreeform Type="Date" Validator="Date" />
                    </Question>
                    <Question UniqueID="OUTBREAK_OWNER_GROUP" Message="Investigator's group (within NC EDSS)" Required="false" Visible="true" >
                        <AnswerFreeform Type="Group" />
                    </Question>
                    <Question UniqueID="OUTBREAK_OWNER_LOCATION" Message="Office location" Required="false" Visible="true" >
                        <AnswerFreeform Type="String" />
                    </Question>
                    <Question UniqueID="OUTBREAK_OWNER_PHONE_OFFICE" Message="Office phone number" Required="false" Visible="true" >
                        <AnswerFreeform Type="String" Validator="Telephone_US" />
                    </Question>
                    <Question UniqueID="OUTBREAK_OWNER_PHONE_CELL" Message="Cell phone number" Required="false" Visible="true" >
                        <AnswerFreeform Type="String" Validator="Telephone_US" />
                    </Question>
                    <Question UniqueID="OUTBREAK_OWNER_PHONE_PAGER" Message="Pager number" Required="false" Visible="true" >
                        <AnswerFreeform Type="String" Validator="Telephone_US" />
                    </Question>
                    <Question UniqueID="OUTBREAK_OWNER_PHONE_HOME" Message="Home phone number" Required="false" Visible="true" >
                        <AnswerFreeform Type="String" Validator="Telephone_US" />
                    </Question>
                    <Question UniqueID="OUTBREAK_OWNER_PHONE_FAX" Message="Fax number" Required="false" Visible="true" >
                        <AnswerFreeform Type="String" Validator="Telephone_US" />
                    </Question>
                    <Question UniqueID="OUTBREAK_OWNER_EMAIL" Message="Email address" Required="false" Visible="true" >
                        <AnswerFreeform Type="String" />
                    </Question>
                    <Question UniqueID="OUTBREAK_OWNER_END_DATE" Message="Investigator end date" Required="false" Visible="true" >
                        <AnswerFreeform Type="Date" Validator="Date" />
                    </Question>
                </AnswerFreeform>
            </Question>
            <Question UniqueID="PIO" Message="Public Information Officer (name)" Required="false" Visible="true" DefaultRepetitionCollapse="true" Repeatable="true" >
                <AnswerFreeform Type="String" >
                    <Question UniqueID="PIO_START_DATE" Message="Start date" Required="false" Visible="true" >
                        <AnswerFreeform Type="Date" Validator="Date" />
                    </Question>
                    <Question UniqueID="PIO_LOCATION" Message="Office location" Required="false" Visible="true" >
                        <AnswerFreeform Type="String" />
                    </Question>
                    <Question UniqueID="PIO_PHONE_OFFICE" Message="Office phone number" Required="false" Visible="true" >
                        <AnswerFreeform Type="String" Validator="Telephone_US" />
                    </Question>
                    <Question UniqueID="PIO_PHONE_CELL" Message="Cell phone number" Required="false" Visible="true" >
                        <AnswerFreeform Type="String" Validator="Telephone_US" />
                    </Question>
                    <Question UniqueID="PIO_PHONE_PAGER" Message="Pager number" Required="false" Visible="true" >
                        <AnswerFreeform Type="String" Validator="Telephone_US" />
                    </Question>
                    <Question UniqueID="PIO_PHONE_HOME" Message="Home phone number" Required="false" Visible="true" >
                        <AnswerFreeform Type="String" Validator="Telephone_US" />
                    </Question>
                    <Question UniqueID="PIO_PHONE_FAX" Message="Fax number" Required="false" Visible="true" >
                        <AnswerFreeform Type="String" Validator="Telephone_US" />
                    </Question>
                    <Question UniqueID="PIO_EMAIL" Message="Email address" Required="false" Visible="true" >
                        <AnswerFreeform Type="String" />
                    </Question>
                    <Question UniqueID="PIO_END_DATE" Message="End date" Required="false" Visible="true" >
                        <AnswerFreeform Type="Date" Validator="Date" />
                    </Question>
                </AnswerFreeform>
            </Question>
            <Question UniqueID="ICS_ACTIVATED" Message="Incident Command System activated?" Required="false" Visible="true" >
                <AnswerSelection >
                    <SelectionChoice UniqueID="ICS_ACTIVATED_YES" Name="Yes" Value="YES" >
                        <Question UniqueID="ICS_LIAISON" Message="ICS Liaison (name)" Required="false" Visible="true" >
                            <AnswerFreeform Type="String" >
                                <Question UniqueID="ICS_PHONE_OFFICE" Message="Office phone number" Required="false" Visible="true" >
                                    <AnswerFreeform Type="String" Validator="Telephone_US" />
                                </Question>
                                <Question UniqueID="ICS_PHONE_CELL" Message="Cell phone number" Required="false" Visible="true" >
                                    <AnswerFreeform Type="String" Validator="Telephone_US" />
                                </Question>
                                <Question UniqueID="ICS_PHONE_HOME" Message="Home phone number" Required="false" Visible="true" >
                                    <AnswerFreeform Type="String" Validator="Telephone_US" />
                                </Question>
                                <Question UniqueID="ICS_PHONE_FAX" Message="Fax number" Required="false" Visible="true" >
                                    <AnswerFreeform Type="String" Validator="Telephone_US" />
                                </Question>
                                <Question UniqueID="ICS_EMAIL" Message="Email address" Required="false" Visible="true" >
                                    <AnswerFreeform Type="String" />
                                </Question>
                            </AnswerFreeform>
                        </Question>
                    </SelectionChoice>
                    <SelectionChoice UniqueID="ICS_ACTIVATED_NO" Name="No" Value="NO" />
                </AnswerSelection>
            </Question>
            <Question UniqueID="PHCC_OPENED" Message="Public Health Coordination Center opened?" Required="false" Visible="true" >
                <AnswerSelection >
                    <SelectionChoice UniqueID="PHCC_OPENED_YES" Name="Yes" Value="YES" >
                        <Question UniqueID="PHCC_OPENED_START_DATE" Message="Date opened" Required="false" Visible="true" >
                            <AnswerFreeform Type="Date" Validator="Date" />
                        </Question>
                        <Question UniqueID="PHCC_RESPONSE_LEVEL" Message="PHCC Response level(s)" Required="false" Visible="true" DefaultRepetitionCollapse="true" Repeatable="true" >
                            <AnswerFreeform Type="ReferenceCode" Validator="PHCC_RESPONSE_LEVELS" RenderingChoice="Dropdown" >
                                <Question UniqueID="PHCC_RESPONSE_DATE" Message="Date of response" Required="false" Visible="true" >
                                    <AnswerFreeform Type="Date" Validator="Date" />
                                </Question>
                            </AnswerFreeform>
                        </Question>
                        <Question UniqueID="PHCC_OPENED_END_DATE" Message="Date PHCC closed" Required="false" Visible="true" >
                            <AnswerFreeform Type="Date" Validator="Date" />
                        </Question>
                    </SelectionChoice>
                    <SelectionChoice UniqueID="PHCC_OPENED_NO" Name="No" Value="NO" />
                </AnswerSelection>
            </Question>
            <Question UniqueID="OUTBREAK_CLOSED_DATE" Message="Date outbreak / exposure closed" Required="false" Visible="true" >
                <AnswerFreeform Type="Date" Validator="Date" />
            </Question>
            <Question UniqueID="OUTBREAK_DISPOSITION" Message="Final outbreak / exposure disposition (select one disposition only)" Required="false" Visible="true" Repeatable="true" >
                <AnswerFreeform Type="ReferenceCode" Validator="OUTBREAK_DISPOSITIONS" RenderingChoice="Dropdown" >
                    <Question UniqueID="OUTBREAK_DISPOSITION_DATE" Message="Date" Required="false" Visible="true" >
                        <AnswerFreeform Type="Date" Validator="Date" />
                    </Question>
                    <Question UniqueID="OUTBREAK_DISPOSITION_NOTES" Message="Reason for change in disposition" Required="false" Visible="true" >
                        <AnswerFreeform Type="TextArea" />
                    </Question>
                    <Question UniqueID="OUTBREAK_CAUSATIVE_AGENT" Message="Causative agent" Required="false" Visible="true" >
                        <AnswerFreeform Type="String" />
                        <QuestionCondition Operation="Or" >
                            <QuestionSimpleCondition Operation="Equals" MatchRepetition="true" >
                                <LHS Reference="OUTBREAK_DISPOSITION" />
                                <RHS Value="FB_CAUSATIVE" />
                            </QuestionSimpleCondition>
                            <QuestionSimpleCondition Operation="Equals" MatchRepetition="true" >
                                <LHS Reference="OUTBREAK_DISPOSITION" />
                                <RHS Value="COMM_CAUSATIVE" />
                            </QuestionSimpleCondition>
                            <QuestionSimpleCondition Operation="Equals" MatchRepetition="true" >
                                <LHS Reference="OUTBREAK_DISPOSITION" />
                                <RHS Value="NON_COMM_CAUSATIVE" />
                            </QuestionSimpleCondition>
                        </QuestionCondition>
                    </Question>
                </AnswerFreeform>
            </Question>
            <Question UniqueID="OUTBREAK_SUMMARY_MSG" Message="An outbreak/exposure summary must be submitted to DPH within 30 days as required by law." Required="false" Visible="true" Editable="false" MessageOnly="true" >
                <AnswerFreeform Type="String" />
            </Question>
            <Question UniqueID="OUTBREAK_SUMMARY_SENT_DPH" Message="Outbreak / exposure summary submitted to DPH?" Required="false" Visible="true" >
                <AnswerSelection >
                    <SelectionChoice UniqueID="OUTBREAK_SUMMARY_SENT_DPH_YES" Name="Yes" Value="YES" >
                        <Question UniqueID="OUTBREAK_SUMMARY_SENT_DATE" Message="Date outbreak summary submitted" Required="false" Visible="true" >
                            <AnswerFreeform Type="Date" Validator="Date" />
                        </Question>
                        <Question UniqueID="OUTBREAK_SUMMARY_SENT_DPH_ATTACHMENT_ADDED" Message="Did you attach the outbreak summary report that was submitted to this outbreak event?" Required="false" Visible="true" >
                            <AnswerSelection >
                                <SelectionChoice UniqueID="OUTBREAK_SUMMARY_SENT_DPH_ATTACHMENT_ADDED_YES" Name="Yes" Value="YES" />
                                <SelectionChoice UniqueID="OUTBREAK_SUMMARY_SENT_DPH_ATTACHMENT_ADDED_NO" Name="No" Value="NO" />
                            </AnswerSelection>
                        </Question>
                    </SelectionChoice>
                    <SelectionChoice UniqueID="OUTBREAK_SUMMARY_SENT_DPH_NO" Name="No" Value="NO" />
                </AnswerSelection>
            </Question>
            <Question UniqueID="MORE_INFORMATION" Message="More information" Required="false" Visible="true" >
                <AnswerFreeform Type="TextArea" />
            </Question>
            <Question UniqueID="RELATED_PFGE_CLUSTER" Message="Is this regional PFGE cluster related to another PFGE cluster?" Required="false" Visible="true" >
                <AnswerSelection >
                    <SelectionChoice UniqueID="RELATED_PFGE_CLUSTER_YES" Name="Yes" Value="YES" >
                        <Question UniqueID="RELATED_PFGE_CLUSTER_YES_JURIS" Message="If yes, what states or jurisdictions?" Required="false" Visible="true" >
                            <AnswerFreeform Type="String" />
                        </Question>
                        <Question UniqueID="RELATED_PFGE_CLUSTER_YES_NAME" Message="What is the name of the related PulseNET" Required="false" Visible="true" >
                            <AnswerFreeform Type="String" />
                        </Question>
                        <Question UniqueID="RELATED_PFGE_CLUSTER_YES_NAME_CDC" Message="What is the name of the CDC outbreak code?" Required="false" Visible="true" >
                            <AnswerFreeform Type="String" />
                        </Question>
                    </SelectionChoice>
                    <SelectionChoice UniqueID="RELATED_PFGE_CLUSTER_NO" Name="No" Value="NO" />
                </AnswerSelection>
                <QuestionSimpleCondition Operation="Exists" MatchRepetition="true" >
                    <LHS Reference="DISEASE_PFGE" />
                </QuestionSimpleCondition>
            </Question>
            <Question UniqueID="PFGE_RECOGNIZED_DATE" Message="Date the PFGE cluster was recognized:" Required="false" Visible="true" >
                <AnswerFreeform Type="Date" Validator="Date" />
                <QuestionSimpleCondition Operation="Exists" MatchRepetition="true" >
                    <LHS Reference="DISEASE_PFGE" />
                </QuestionSimpleCondition>
            </Question>
            <Question UniqueID="DISEASE" Message="Disease" Required="false" Visible="false" >
                <AnswerSelection >
                    <SelectionChoice UniqueID="DISEASE_PFGE" Name="PFGE" Value="PFGE" />
                    <SelectionChoice UniqueID="DISEASE_HEPA" Name="Hepatitis A" Value="HEPA" />
                    <SelectionChoice UniqueID="DISEASE_HEPC" Name="Hepatitis C - Acute" Value="HEPC" />
                    <SelectionChoice UniqueID="DISEASE_HFLU" Name="Haemophilus influenzae" Value="HFLU" />
                    <SelectionChoice UniqueID="DISEASE_MENP" Name="Pneumococcal meningitis" Value="MENP" />
                    <SelectionChoice UniqueID="DISEASE_NMEN" Name="Meningococcal" Value="NMEN" />
                    <SelectionChoice UniqueID="DISEASE_STRA" Name="Streptococcal infection Group A, Invasive" Value="STRA" />
                    <SelectionChoice UniqueID="DISEASE_TSSS" Name="Toxic Shock Syndrome, streptococcal" Value="TSSS" />
                    <SelectionChoice UniqueID="DISEASE_TSS" Name="Toxic Shock Syndrome, non-streptococcal" Value="TSS" />
                    <SelectionChoice UniqueID="DISEASE_FLUD" Name="Influenza death (&lt;18 years old)" Value="FLUD" />
                    <SelectionChoice UniqueID="DISEASE_FLU" Name="Influenza, NOVEL virus infection" Value="FLU" />
                    <SelectionChoice UniqueID="DISEASE_SFLU" Name="Influenza, NOVEL virus infection (Seasonal)" Value="SFLU" />
                    <SelectionChoice UniqueID="DISEASE_LEG" Name="Legionellosis" Value="LEG" />
                    <SelectionChoice UniqueID="DISEASE_CRYPT" Name="Cryptosporidiosis" Value="CRYPT" />
                    <SelectionChoice UniqueID="DISEASE_LEPTO" Name="Leptospirosis" Value="LEPTO" />
                    <SelectionChoice UniqueID="DISEASE_BRU" Name="Brucellosis" Value="BRU" />
                    <SelectionChoice UniqueID="DISEASE_CJD" Name="Creutzfeldt-Jakob Disease" Value="CJD" />
                    <SelectionChoice UniqueID="DISEASE_MPOX" Name="Monkeypox" Value="MPOX" />
                    <SelectionChoice UniqueID="DISEASE_PSTT" Name="Psittacosis" Value="PSTT" />
                    <SelectionChoice UniqueID="DISEASE_QF" Name="Q Fever" Value="QF" />
                    <SelectionChoice UniqueID="DISEASE_HANTA" Name="Hantavirus" Value="HANTA" />
                    <SelectionChoice UniqueID="DISEASE_RAB" Name="Rabies - Human" Value="RAB" />
                    <SelectionChoice UniqueID="DISEASE_EHR" Name="Ehrlichia" Value="EHR" />
                    <SelectionChoice UniqueID="DISEASE_HGE" Name="Ehrlichia, HGE" Value="HGE" />
                    <SelectionChoice UniqueID="DISEASE_HME" Name="Ehrlichia, HME" Value="HME" />
                    <SelectionChoice UniqueID="DISEASE_RMSF" Name="Rocky Mountain Spotted Fever" Value="RMSF" />
                    <SelectionChoice UniqueID="DISEASE_EEE" Name="Eastern Equine Encephalitis" Value="EEE" />
                    <SelectionChoice UniqueID="DISEASE_WNI" Name="Encephalitis/meningitis (Arboviral), West Nile" Value="WNI" />
                    <SelectionChoice UniqueID="DISEASE_LAC" Name="Lacrosse (California)" Value="LAC" />
                    <SelectionChoice UniqueID="DISEASE_ARB" Name="Arboviral Other" Value="ARB" />
                    <SelectionChoice UniqueID="DISEASE_MAL" Name="Malaria" Value="MAL" />
                    <SelectionChoice UniqueID="DISEASE_DENGUE" Name="Dengue" Value="DENGUE" />
                    <SelectionChoice UniqueID="DISEASE_YF" Name="Yellow Fever Virus" Value="YF" />
                    <SelectionChoice UniqueID="DISEASE_SHIG" Name="Shigellosis" Value="SHIG" />
                    <SelectionChoice UniqueID="DISEASE_TYPHUS" Name="Typhus" Value="TYPHUS" />
                    <SelectionChoice UniqueID="DISEASE_LYME" Name="Lyme disease" Value="LYME" />
                    <SelectionChoice UniqueID="DISEASE_ANTH" Name="Anthrax" Value="ANTH" />
                    <SelectionChoice UniqueID="DISEASE_PLAG" Name="Plague" Value="PLAG" />
                    <SelectionChoice UniqueID="DISEASE_TUL" Name="Tularemia" Value="TUL" />
                    <SelectionChoice UniqueID="DISEASE_BOT" Name="Botulism - foodborne/wound" Value="BOT" />
                    <SelectionChoice UniqueID="DISEASE_BOTI" Name="Botulism - infant" Value="BOTI" />
                    <SelectionChoice UniqueID="DISEASE_SARS" Name="SARS" Value="SARS" />
                    <SelectionChoice UniqueID="DISEASE_VAC" Name="Vaccinia" Value="VAC" />
                    <SelectionChoice UniqueID="DISEASE_SMPOX" Name="Smallpox" Value="SMPOX" />
                    <SelectionChoice UniqueID="DISEASE_VHF" Name="Hemorrhagic Fever Virus infection" Value="VHF" />
                    <SelectionChoice UniqueID="DISEASE_LEP" Name="Leprosy (Hansen's Disease)" Value="LEP" />
                    <SelectionChoice UniqueID="DISEASE_SAUR" Name="Staphylococcus aureus - VRSA" Value="SAUR" />
                    <SelectionChoice UniqueID="DISEASE_SAL" Name="Salmonellosis" Value="SAL" />
                    <SelectionChoice UniqueID="DISEASE_CAMP" Name="Campylobacter Infection" Value="CAMP" />
                    <SelectionChoice UniqueID="DISEASE_CYCLO" Name="Cyclosporiasis" Value="CYCLO" />
                    <SelectionChoice UniqueID="DISEASE_ECOLI" Name="E Coli" Value="ECOLI" />
                    <SelectionChoice UniqueID="DISEASE_HUS" Name="HUS" Value="HUS" />
                    <SelectionChoice UniqueID="DISEASE_LIST" Name="Listeriosis" Value="LIST" />
                    <SelectionChoice UniqueID="DISEASE_TRICH" Name="Trichinosis" Value="TRICH" />
                    <SelectionChoice UniqueID="DISEASE_CHOLERA" Name="Cholera" Value="CHOLERA" />
                    <SelectionChoice UniqueID="DISEASE_VIBOTHER" Name="Vibrio Infection, Other" Value="VIBOTHER" />
                    <SelectionChoice UniqueID="DISEASE_VIBVUL" Name="Vibrio Vulnificus" Value="VIBVUL" />
                    <SelectionChoice UniqueID="DISEASE_TYPHOID" Name="Typhoid acute" Value="TYPHOID" />
                    <SelectionChoice UniqueID="DISEASE_TYPHCAR" Name="Typhoid carrier" Value="TYPHCAR" />
                    <SelectionChoice UniqueID="DISEASE_CPERF" Name="C. perfringens" Value="CPERF" />
                    <SelectionChoice UniqueID="DISEASE_STAPH" Name="Staphylococcal" Value="STAPH" />
                    <SelectionChoice UniqueID="DISEASE_FBOTHER" Name="Foodborne Other" Value="FBOTHER" />
                    <SelectionChoice UniqueID="DISEASE_FBPOIS" Name="Foodborne Poison" Value="FBPOIS" />
                    <SelectionChoice UniqueID="DISEASE_HGQ" Name="Foodborne Hypothesis" Value="HGQ" />
                    <SelectionChoice UniqueID="DISEASE_STRB" Name="Streptococcal invasive infection, Group B" Value="STRB" />
                    <SelectionChoice UniqueID="DISEASE_STRSP" Name="Streptococcal invasive infection, Group S. Pneumo" Value="STRSP" />
                    <SelectionChoice UniqueID="DISEASE_HEPE" Name="Hepatitis E" Value="HEPE" />
                    <SelectionChoice UniqueID="DISEASE_MVIR" Name="Meningitis- viral (asceptic meningitis)" Value="MVIR" />
                    <SelectionChoice UniqueID="DISEASE_YER" Name="Yersinia sp." Value="YER" />
                    <SelectionChoice UniqueID="DISEASE_AMEB" Name="Amebiasis" Value="AMEB" />
                    <SelectionChoice UniqueID="DISEASE_LESH" Name="Leshmaniasis" Value="LESH" />
                    <SelectionChoice UniqueID="DISEASE_MENB" Name="Meningitis (bacterial NEC)" Value="MENB" />
                    <SelectionChoice UniqueID="DISEASE_MENF" Name="Meningitis (fungal)" Value="MENF" />
                    <SelectionChoice UniqueID="DISEASE_TRAN" Name="Transporter exposure" Value="TRAN" />
                    <SelectionChoice UniqueID="DISEASE_HEPC_C" Name="Hepatitis C - Chronic" Value="HEPC_C" />
                    <SelectionChoice UniqueID="DISEASE_CYSTI" Name="Cysticercosis" Value="CYSTI" />
                    <SelectionChoice UniqueID="DISEASE_SCAB" Name="Scabies" Value="SCAB" />
                    <SelectionChoice UniqueID="DISEASE_TNIA" Name="Taeniasis" Value="TNIA" />
                    <SelectionChoice UniqueID="DISEASE_FLUH1N1" Name="Influenza, NOVEL H1N1 virus infection" Value="FLUH1N1" />
                    <SelectionChoice UniqueID="DISEASE_NORO" Name="Norovirus" Value="NORO" />
                    <SelectionChoice UniqueID="DISEASE_WEE" Name="Encephalitis (Arboviral), Western Equine" Value="WEE" />
                    <SelectionChoice UniqueID="DISEASE_STL" Name="Encephalitis (Arboviral), St. Louis" Value="STL" />
                    <SelectionChoice UniqueID="DISEASE_VEN" Name="Encephalitis (Arboviral), Venezuelan equine" Value="VEN" />
                    <SelectionChoice UniqueID="DISEASE_WNF" Name="West Nile Fever" Value="WNF" />
                    <SelectionChoice UniqueID="DISEASE_ENCNONARB" Name="Encephalitis, Nonarboviral" Value="ENCNONARB" />
                    <SelectionChoice UniqueID="DISEASE_DHF" Name="Dengue Hemorrahgic Fever" Value="DHF" />
                    <SelectionChoice UniqueID="DISEASE_RAB_IN_REP" Name="Rabies Incident Report" Value="RAB_IN_REP" />
                    <SelectionChoice UniqueID="DISEASE_GIAR" Name="Giardiasis" Value="GIAR" />
                    <SelectionChoice UniqueID="DISEASE_TYPH" Name="Typhus fever, (endemic fleaborne, Murine)" Value="TYPH" />
                    <SelectionChoice UniqueID="DISEASE_BOTWND" Name="BOTULISM WOUND" Value="BOTWND" />
                    <SelectionChoice UniqueID="DISEASE_BOTFDB" Name="BOTULISM FOODBORNE" Value="BOTFDB" />
                    <SelectionChoice UniqueID="DISEASE_QFACUTE" Name="Q fever, Acute" Value="QFACUTE" />
                    <SelectionChoice UniqueID="DISEASE_QFCHRONIC" Name="Q fever, Chronic" Value="QFCHRONIC" />
                    <SelectionChoice UniqueID="DISEASE_VISA" Name="Staph aureus, vanomycin intermediate" Value="VISA" />
                    <SelectionChoice UniqueID="DISEASE_VRSA" Name="Staph aureau, vanomycin resistance" Value="VRSA" />
                    <SelectionChoice UniqueID="DISEASE_MDRO" Name="Multi-drug resistant organisms" Value="MDRO" />
                    <SelectionChoice UniqueID="DISEASE_CHAGAS" Name="Chagas Disease" Value="CHAGAS" />
                    <SelectionChoice UniqueID="DISEASE_BABESIOSIS" Name="Babesiosis" Value="BABESIOSIS" />
                    <SelectionChoice UniqueID="DISEASE_CPOX" Name="Varicella (Chicken Pox)" Value="CPOX" />
                    <SelectionChoice UniqueID="DISEASE_SHINGLES" Name="Varicell (Chicken Pox) Shingles" Value="SHINGLES" />
                    <SelectionChoice UniqueID="DISEASE_WNVU" Name="Arbovirus Unspecified" Value="WNVU" />
                    <SelectionChoice UniqueID="DISEASE_TUO" Name="Travelers Under Observation" Value="TUO" />
                    <SelectionChoice UniqueID="DISEASE_AMMEN" Name="Amebic Meningoencephalitis" Value="AMMEN" />
                </AnswerSelection>
            </Question>
            <Question UniqueID="BILL2646" Message="If need to share outbreak exposed address per Bill 2646?" Required="true" Visible="true" >
                <AnswerSelection RenderingChoice="Auto" >
                    <SelectionChoice UniqueID="BILL2646_YES" Name="Yes" Value="YES" />
                    <SelectionChoice UniqueID="BILL2646_NO" Name="No" Value="NO" />
                    <SelectionChoice UniqueID="BILL2646_UNKNOWN" Name="Unknown" Value="UNKNOWN" />
                </AnswerSelection>
            </Question>
        </QuestionPackage>
        <QuestionPackage UniqueID="DISASTER_RELATED_FATALITIES" Name="Disaster related fatalities" Description="Disaster related fatalities" >
            <QuestionPackageBreak Message="Deceased information" Type="Regular" AlignWithPreviousSection="true" />
            <Question UniqueID="DRF_MEDICAL_RECORD_NUMBER" Message="Case/ medical record number" Required="false" Visible="true" >
                <AnswerFreeform Type="String" />
            </Question>
            <Question UniqueID="UNKNOWN_NAME" Message="Name Unknown" Required="false" Visible="true" >
                <AnswerSelection RenderingChoice="Auto" >
                    <SelectionChoice UniqueID="UNKNOWN_NAME_YES" Name="Yes" Value="YES" />
                    <SelectionChoice UniqueID="UNKNOWN_NAME_NO" Name="No" Value="NO" />
                </AnswerSelection>
            </Question>
            <Question UniqueID="UNKNOWN_NAME2" Message="Name" Required="false" Visible="true" Auditable="true" >
                <AnswerSelection RenderingChoice="HorizontalRadio" >
                    <SelectionChoice UniqueID="UNKNOWN_NAME2_UNKNOWN" Name="Unknown" Value="UNKNOWN" />
                </AnswerSelection>
            </Question>
            <Question UniqueID="DRF_FIRST_NAME" Message="First name" Required="false" Visible="true" LockExpression="Question.UNKNOWN_NAME.Value='YES'" >
                <AnswerFreeform Type="String" />
            </Question>
            <Question UniqueID="DRF_LAST_NAME" Message="Last name" Required="false" Visible="true" Auditable="true" HideExpression="Question.UNKNOWN_NAME2_UNKNOWN.Value&lt;&gt;NULL AND Question.ADMIN_UNLOCK.Value=Null" >
                <AnswerFreeform Type="String" />
            </Question>
            <Question UniqueID="DRF_MIDDLE_INITIAL" Message="Middle initial" Required="false" Visible="true" HideExpression="Question.UNKNOWN_NAME3.Value='YES'" >
                <AnswerFreeform Type="String" />
            </Question>
            <Question UniqueID="DRF_NAME_UNKNOWN" Message="Name unknown" Required="false" Visible="true" >
                <AnswerFreeform Type="String" />
            </Question>
            <Question UniqueID="DRF_DOB" Message="Date of birth" Required="false" Visible="true" >
                <AnswerFreeform Type="Date" />
            </Question>
            <Question UniqueID="DRF_AGE" Message="Age in years" Required="false" Visible="true" >
                <AnswerFreeform Type="Number" />
            </Question>
            <Question UniqueID="DRF_RESIDENCE_ADDRESS" Message="Residence Address" Required="false" Visible="true" >
                <AnswerFreeform Type="String" />
            </Question>
            <Question UniqueID="DRF_RESIDENCE_ADDRESS_CITY" Message="City" Required="false" Visible="true" >
                <AnswerFreeform Type="String" />
            </Question>
            <Question UniqueID="DRF_RESIDENCE_ADDRESS_STATE" Message="State" Required="false" Visible="true" >
                <AnswerFreeform Type="String" />
            </Question>
            <Question UniqueID="DRF_ETHNICITY" Message="Ethnicity" Required="false" Visible="true" >
                <AnswerSelection RenderingChoice="Auto" >
                    <SelectionChoice UniqueID="DRF_ETHNICITY_HISPANIC" Name="Hispanic" Value="HISPANIC" />
                    <SelectionChoice UniqueID="DRF_ETHNICITY_NON_HISPANIC" Name="Non hispanic" Value="NON_HISPANIC" />
                    <SelectionChoice UniqueID="DRF_ETHNICITY_UNKNOWN" Name="Unknown" Value="UNKNOWN" />
                </AnswerSelection>
            </Question>
            <Question UniqueID="DRF_RACE" Message="Race" Required="false" Visible="true" >
                <AnswerSelection RenderingChoice="Auto" >
                    <SelectionChoice UniqueID="DRF_RACE_AMERICAN_INDIAN" Name="American Indian or  Alaskan Native" Value="AMERICAN_INDIAN" />
                    <SelectionChoice UniqueID="DRF_RACE_WHITE" Name="White" Value="WHITE" />
                    <SelectionChoice UniqueID="DRF_RACE_BLACK_AFRICANAMERICAN" Name="Black or African American" Value="BLACK_AFRICANAMERICAN" />
                    <SelectionChoice UniqueID="DRF_RACE_ASIAN" Name="Asian" Value="ASIAN" />
                    <SelectionChoice UniqueID="DRF_RACE_NATIVE_HAWAIIAN" Name="Native Hawaiian or other Pacific Islander" Value="NATIVE_HAWAIIAN" />
                    <SelectionChoice UniqueID="DRF_RACE_OTHER_RACE" Name="Other race" Value="OTHER_RACE" />
                </AnswerSelection>
            </Question>
            <Question UniqueID="DRF_GENDER" Message="Gender" Required="false" Visible="true" >
                <AnswerSelection RenderingChoice="Auto" >
                    <SelectionChoice UniqueID="DRF_GENDER_MALE" Name="Male" Value="MALE" />
                    <SelectionChoice UniqueID="DRF_GENDER_FEMALE" Name="Female" Value="FEMALE" />
                    <SelectionChoice UniqueID="DRF_GENDER_UNKNOWN" Name="Uknown" Value="UNKNOWN" />
                </AnswerSelection>
            </Question>
            <Question UniqueID="DATE_OF_DEATH" Message="Date of death" Required="false" Visible="true" >
                <AnswerFreeform Type="DateTime" />
            </Question>
            <Question UniqueID="DRF_DATE_OF_BODY_RECOVERY" Message="Date of body recovery" Required="false" Visible="true" >
                <AnswerFreeform Type="Date" />
            </Question>
            <Question UniqueID="PLACE_OF_BODY_RECOVERY" Message="Place of death or body recovery" Required="false" Visible="true" >
                <AnswerSelection RenderingChoice="Auto" >
                    <SelectionChoice UniqueID="PLACE_OF_BODY_RECOVERY_DECEDENTS_HOME" Name="Decedents home" Value="DECEDENTS_HOME" />
                    <SelectionChoice UniqueID="PLACE_OF_BODY_RECOVERY_OTHER_PERSONS_HOME" Name="Other persons home" Value="OTHER_PERSONS_HOME" />
                    <SelectionChoice UniqueID="PLACE_OF_BODY_RECOVERY_EVACUATION_CENTERSHELTER" Name="Evacuation Center/shelter" Value="EVACUATION_CENTERSHELTER" />
                    <SelectionChoice UniqueID="PLACE_OF_BODY_RECOVERY_VEHICLE" Name="Vehicle" Value="VEHICLE" />
                    <SelectionChoice UniqueID="PLACE_OF_BODY_RECOVERY_HOSPITAL" Name="Hospital" Value="HOSPITAL" />
                    <SelectionChoice UniqueID="PLACE_OF_BODY_RECOVERY_PRISON_OR_DETENTION_CENTER" Name="Prison or detention center" Value="PRISON_OR_DETENTION_CENTER" />
                    <SelectionChoice UniqueID="PLACE_OF_BODY_RECOVERY_HOTEL_MOTEL" Name="Hotel /motel" Value="HOTEL_MOTEL" />
                    <SelectionChoice UniqueID="PLACE_OF_BODY_RECOVERY_HOSPICE_FACILITY" Name="Hospice facility" Value="HOSPICE_FACILITY" />
                    <SelectionChoice UniqueID="PLACE_OF_BODY_RECOVERY_UNKNOWN" Name="Unknown" Value="UNKNOWN" />
                    <SelectionChoice UniqueID="PLACE_OF_BODY_RECOVERY_NURSING_HOME__LONG_TERM_CARE_FACILITY" Name="Nursing Home / long term care facility" Value="NURSING_HOME__LONG_TERM_CARE_FACILITY" />
                    <SelectionChoice UniqueID="PLACE_OF_BODY_RECOVERY_STREETROAD" Name="Street/Road" Value="STREETROAD" />
                    <SelectionChoice UniqueID="PLACE_OF_BODY_RECOVERY_OTHER_SPECIFY" Name="Other (specify)" Value="OTHER_SPECIFY" >
                        <Question UniqueID="DRF_PLACE_OTHER_SPECIFY" Message="Other (specify)" Required="false" Visible="true" >
                            <AnswerFreeform Type="String" />
                        </Question>
                    </SelectionChoice>
                </AnswerSelection>
            </Question>
            <Question UniqueID="DRF_LOCATION_OF_DEATH" Message="Location of death or body recovery" Required="false" Visible="true" >
                <AnswerFreeform Type="TextArea" />
            </Question>
            <Question UniqueID="DRF_VOLUNTEER_INDIVIDUAL_WORKER" Message="Was the individual paid or volunteer worker involved in disaster response?" Required="false" Visible="true" >
                <AnswerSelection RenderingChoice="Auto" >
                    <SelectionChoice UniqueID="DRF_VOLUNTEER_INDIVIDUAL_WORKER_YES" Name="Yes" Value="YES" />
                    <SelectionChoice UniqueID="DRF_VOLUNTEER_INDIVIDUAL_WORKER_NO" Name="No" Value="NO" />
                    <SelectionChoice UniqueID="DRF_VOLUNTEER_INDIVIDUAL_WORKER_UNKNOWN" Name="Unknown" Value="UNKNOWN" />
                </AnswerSelection>
            </Question>
            <Question UniqueID="ADMIN_UNLOCK" Message="Admin Unlock" Required="false" Visible="true" HideExpression="Question.UNKNOWN_NAME2_UNKNOWN.Value&lt;&gt;NULL" >
                <AnswerSelection RenderingChoice="HorizontalRadio" >
                    <SelectionChoice UniqueID="ADMIN_UNLOCK_YES" Name="YES" Value="YES" />
                </AnswerSelection>
            </Question>
            <QuestionPackageBreak Message="Probable Cause and Circumstance of death (check one that best applies)" Type="Regular" AlignWithPreviousSection="true" />
            <Question UniqueID="DRF_CAUSE_OF_DEATH" Message="Cause of death Injury" Required="false" Visible="true" >
                <AnswerSelection RenderingChoice="Auto" >
                    <SelectionChoice UniqueID="DRF_CAUSE_OF_DEATH_DROWNING" Name="Drowning" Value="DROWNING" />
                    <SelectionChoice UniqueID="DRF_CAUSE_OF_DEATH_ELECTROCUTION" Name="Electrocution" Value="ELECTROCUTION" />
                    <SelectionChoice UniqueID="DRF_CAUSE_OF_DEATH_LIGHTNING" Name="Lightning" Value="LIGHTNING" />
                    <SelectionChoice UniqueID="DRF_CAUSE_OF_DEATH_MOTOR_VEHICLE" Name="Motor Vehicle" Value="MOTOR_VEHICLE" >
                        <Question UniqueID="DRF_DEATH_MOTOR_VEHICLE" Message="If, Motor Vehicle" Required="false" Visible="true" >
                            <AnswerSelection RenderingChoice="Auto" >
                                <SelectionChoice UniqueID="DRF_DEATH_MOTOR_VEHICLE_DRIVER" Name="Driver" Value="DRIVER" />
                                <SelectionChoice UniqueID="DRF_DEATH_MOTOR_VEHICLE_OCCUPANT" Name="Occupant" Value="OCCUPANT" />
                                <SelectionChoice UniqueID="DRF_DEATH_MOTOR_VEHICLE_UNKNOWN" Name="Unknown" Value="UNKNOWN" />
                            </AnswerSelection>
                        </Question>
                    </SelectionChoice>
                    <SelectionChoice UniqueID="DRF_CAUSE_OF_DEATH_PEDESTRIANBICYCLIST_STRUCK_BY_VEHICLE" Name="Pedestrian/bicyclist struck by vehicle" Value="PEDESTRIANBICYCLIST_STRUCK_BY_VEHICLE" />
                    <SelectionChoice UniqueID="DRF_CAUSE_OF_DEATH_STRUCTURAL_COLLAPSE" Name="Structural collapse" Value="STRUCTURAL_COLLAPSE" />
                    <SelectionChoice UniqueID="DRF_CAUSE_OF_DEATH_FALL" Name="Fall" Value="FALL" />
                    <SelectionChoice UniqueID="DRF_CAUSE_OF_DEATH_CUTSTRUCK_BY_OBJECTTOOL" Name="Cut/struck by object/tool" Value="CUTSTRUCK_BY_OBJECTTOOL" />
                    <SelectionChoice UniqueID="DRF_CAUSE_OF_DEATH_POISONING_TOXIC_EXPOSURE" Name="Poisoning/ toxic exposure:" Value="POISONING_TOXIC_EXPOSURE" >
                        <Question UniqueID="DRF_DEATH_POISONING_SPECIFY" Message="Poisoning/ toxic exposure:" Required="false" Visible="true" >
                            <AnswerSelection RenderingChoice="Auto" >
                                <SelectionChoice UniqueID="DRF_DEATH_POISONING_SPECIFY_CO" Name="CO exposure" Value="CO" />
                                <SelectionChoice UniqueID="DRF_DEATH_POISONING_SPECIFY_INHALATION_SMOKE_DUST_GASES" Name="Inhalation of other fumes/smoke, dust, gases" Value="INHALATION_SMOKE_DUST_GASES" />
                                <SelectionChoice UniqueID="DRF_DEATH_POISONING_SPECIFY_INGESTION_OF_DRUG_OR_SUBSTANCE" Name="Ingestion of drug or substance" Value="INGESTION_OF_DRUG_OR_SUBSTANCE" />
                                <SelectionChoice UniqueID="DRF_DEATH_POISONING_SPECIFY_OTHER" Name="Other (specify)" Value="OTHER" />
                            </AnswerSelection>
                        </Question>
                    </SelectionChoice>
                    <SelectionChoice UniqueID="DRF_CAUSE_OF_DEATH_SUFFOCATIONASPHYXIA" Name="Suffocation/asphyxia" Value="SUFFOCATIONASPHYXIA" />
                    <SelectionChoice UniqueID="DRF_CAUSE_OF_DEATH_BURNS_FLAME_OR_CHEMICAL" Name="Burns (flame or chemical)" Value="BURNS_FLAME_OR_CHEMICAL" />
                    <SelectionChoice UniqueID="DRF_CAUSE_OF_DEATH_FIREARMGUNSHOT" Name="Firearm/gunshot" Value="FIREARMGUNSHOT" />
                    <SelectionChoice UniqueID="DRF_CAUSE_OF_DEATH_HEAT_EG_HYPERTHERMIA_DEHYDRATION" Name="Heat (e.g., hyperthermia, dehydration)" Value="HEAT_EG_HYPERTHERMIA_DEHYDRATION" />
                    <SelectionChoice UniqueID="DRF_CAUSE_OF_DEATH_COLD_EG_HYPOTHERMIA" Name="Cold (e.g., hypothermia)" Value="COLD_EG_HYPOTHERMIA" />
                    <SelectionChoice UniqueID="DRF_CAUSE_OF_DEATH_OTHER" Name="Other (specify)" Value="OTHER" >
                        <Question UniqueID="DRF_CAUSE_OF_DEATH_OTHET_SPECIFY" Message="Specify" Required="false" Visible="true" >
                            <AnswerFreeform Type="String" />
                        </Question>
                    </SelectionChoice>
                    <SelectionChoice UniqueID="DRF_CAUSE_OF_DEATH_UNKNOWN" Name="Unknown" Value="UNKNOWN" />
                </AnswerSelection>
            </Question>
            <Question UniqueID="DRF_CAUSE_OF_DEATH_ILLNESS" Message="Cause of death Illness" Required="false" Visible="true" >
                <AnswerSelection RenderingChoice="Auto" >
                    <SelectionChoice UniqueID="DRF_CAUSE_OF_DEATH_ILLNESS_NEUROLOGICAL_DISORDERS" Name="Neurological disorders" Value="NEUROLOGICAL_DISORDERS" />
                    <SelectionChoice UniqueID="DRF_CAUSE_OF_DEATH_ILLNESS_RESPIRATORY_ILLNESS_OR_DISEASE" Name="Respiratory illness or disease" Value="RESPIRATORY_ILLNESS_OR_DISEASE" />
                    <SelectionChoice UniqueID="DRF_CAUSE_OF_DEATH_ILLNESS_CARDIOVASCULAR_ILLNESS_OR_DISEASE" Name="Cardiovascular illness or disease" Value="CARDIOVASCULAR_ILLNESS_OR_DISEASE" />
                    <SelectionChoice UniqueID="DRF_CAUSE_OF_DEATH_ILLNESS_RENAL_FAILURE" Name="Renal failure" Value="RENAL_FAILURE" />
                    <SelectionChoice UniqueID="DRF_CAUSE_OF_DEATH_ILLNESS_GI_AND_ENDOCRINE" Name="GI and endocrine" Value="GI_AND_ENDOCRINE" />
                    <SelectionChoice UniqueID="DRF_CAUSE_OF_DEATH_ILLNESS_SEPSIS" Name="Sepsis" Value="SEPSIS" />
                    <SelectionChoice UniqueID="DRF_CAUSE_OF_DEATH_ILLNESS_ALLERGIC_REACTION" Name="Allergic reaction" Value="ALLERGIC_REACTION" />
                    <SelectionChoice UniqueID="DRF_CAUSE_OF_DEATH_ILLNESS_OTHER_SPECIFY" Name="Other (specify)" Value="OTHER_SPECIFY" >
                        <Question UniqueID="DRF_CAUSE_OF_DEATH_ILLNESS_OTHER" Message="specify" Required="false" Visible="true" >
                            <AnswerFreeform Type="String" />
                        </Question>
                    </SelectionChoice>
                    <SelectionChoice UniqueID="DRF_CAUSE_OF_DEATH_ILLNESS_UNKNOWN" Name="Unknown" Value="UNKNOWN" />
                </AnswerSelection>
            </Question>
            <Question UniqueID="DRF_CAUSE_OF_DEATH_1" Message="Cause of death:" Required="false" Visible="true" >
                <AnswerSelection RenderingChoice="Auto" >
                    <SelectionChoice UniqueID="DRF_CAUSE_OF_DEATH_1_CONFIRMED" Name="Confirmed" Value="CONFIRMED" />
                    <SelectionChoice UniqueID="DRF_CAUSE_OF_DEATH_1_PROBABLE" Name="Probable" Value="PROBABLE" />
                    <SelectionChoice UniqueID="DRF_CAUSE_OF_DEATH_1_PENDING" Name="Pending" Value="PENDING" />
                    <SelectionChoice UniqueID="DRF_CAUSE_OF_DEATH_1_UNKNOWN" Name="Unknown" Value="UNKNOWN" />
                </AnswerSelection>
            </Question>
            <Question UniqueID="DRF_PROBABLE_RELATIONSHIP_OF_CAUSE_OF_DEATH_TO_DISASTER" Message="Probable relationship of cause of death to disaster:" Required="false" Visible="true" >
                <AnswerSelection RenderingChoice="Auto" >
                    <SelectionChoice UniqueID="DRF_PROBABLE_RELATIONSHIP_OF_CAUSE_OF_DEATH_TO_DISASTER_DIRECT" Name="Direct" Value="DIRECT" />
                    <SelectionChoice UniqueID="DRF_PROBABLE_RELATIONSHIP_OF_CAUSE_OF_DEATH_TO_DISASTER_POSSIBLE" Name="Possible" Value="POSSIBLE" />
                    <SelectionChoice UniqueID="DRF_PROBABLE_RELATIONSHIP_OF_CAUSE_OF_DEATH_TO_DISASTER_INDIRECT" Name="Indirect" Value="INDIRECT" />
                    <SelectionChoice UniqueID="DRF_PROBABLE_RELATIONSHIP_OF_CAUSE_OF_DEATH_TO_DISASTER_UNRELATED" Name="Unrelated" Value="UNRELATED" />
                </AnswerSelection>
            </Question>
            <Question UniqueID="DRF_PROBABLE_MANNERINTENT_OF_DEATH" Message="Probable manner/intent of death:" Required="false" Visible="true" >
                <AnswerSelection RenderingChoice="Auto" >
                    <SelectionChoice UniqueID="DRF_PROBABLE_MANNERINTENT_OF_DEATH_NATURAL" Name="Natural" Value="NATURAL" />
                    <SelectionChoice UniqueID="DRF_PROBABLE_MANNERINTENT_OF_DEATH_SUICIDE" Name="Suicide" Value="SUICIDE" />
                    <SelectionChoice UniqueID="DRF_PROBABLE_MANNERINTENT_OF_DEATH_ACCIDENT" Name="Accident" Value="ACCIDENT" />
                    <SelectionChoice UniqueID="DRF_PROBABLE_MANNERINTENT_OF_DEATH_PENDING" Name="Pending" Value="PENDING" />
                    <SelectionChoice UniqueID="DRF_PROBABLE_MANNERINTENT_OF_DEATH_HOMICIDE" Name="Homicide" Value="HOMICIDE" />
                    <SelectionChoice UniqueID="DRF_PROBABLE_MANNERINTENT_OF_DEATH_UNDETERMINED" Name="Undetermined" Value="UNDETERMINED" />
                </AnswerSelection>
            </Question>
            <Question UniqueID="DRF_CIRCUMSTANCE_OF_DEATH" Message="Circumstance of death: (free text)" Required="false" Visible="true" >
                <AnswerFreeform Type="TextArea" />
            </Question>
            <QuestionPackageBreak Message="Reporting Person and Agency" Type="Regular" AlignWithPreviousSection="true" />
            <Question UniqueID="DRF_CONTACT_PERSON" Message="Contact Person:" Required="false" Visible="true" >
                <AnswerFreeform Type="String" />
            </Question>
            <Question UniqueID="DRF_AGENCY" Message="Agency:" Required="false" Visible="true" >
                <AnswerFreeform Type="String" />
            </Question>
            <Question UniqueID="DRF_TELEPHONE" Message="Telephone:" Required="false" Visible="true" >
                <AnswerFreeform Type="String" />
            </Question>
            <Question UniqueID="DRF_DATE_REPORT_COMPLETED" Message="Date report completed" Required="false" Visible="true" >
                <AnswerFreeform Type="Date" />
            </Question>
            <Question UniqueID="UNKNOWN_NAME3" Message="Unknown Name 3" Required="false" Visible="true" >
                <AnswerSelection MultiSelect="true" MultiSelectDisplayOrder="Horizontal" >
                    <SelectionChoice UniqueID="UNKNOWN_NAME3_YES" Name="Yes" Value="YES" />
                </AnswerSelection>
            </Question>
        </QuestionPackage>
    </QuestionPackages>
    <RulePackages >
        <Declaration UniqueID="MAVEN_CURRENT_YEAR" Value="Do not change" />
        <Declaration UniqueID="MAVEN_CURRENT_DATE" Value="Do not change" />
        <RulePackage UniqueID="PLACEHOLDER" />
        <RulePackage UniqueID="PRINT_RULES" >
            <Rule UniqueID="PRINT_FORMS_RULE" >
                <IfStep Name="PRINT_FORMS_RULE" >
                    <SimpleCondition Operation="Exists" >
                        <LHS Reference="OUTBREAK_RECOGNIZED_DATE" />
                    </SimpleCondition>
                    <TrueBlock >
                        <FlagStep UniqueID="EPI_SUMMARY_REPORT_TEMPLATE" Message="EPI Summary Report of Outbreak Investigation" Type="Print" Description="EPI Summary Report of Outbreak Investigation" PrintProperty="EPI_SUMMARY_REPORT_TEMPLATE.rtf" ScriptOutputType="RTF" />
                        <FlagStep UniqueID="IMPORT_ROSTER_AIRLINE_MANIFEST_TEMPLATE" Message="Airline Manifest Roster Import Template" Type="Print" Description="Airline Manifest Roster Import Template" PrintProperty="AirlineManifestHeader.csv" />
                        <FlagStep UniqueID="IMPORT_ROSTER_GENERIC_TEMPLATE" Message="Generic Roster Import Template" Type="Print" Description="Generic Roster Import Template" PrintProperty="OutbreakHeader.csv" />
                    </TrueBlock>
                </IfStep>
            </Rule>
        </RulePackage>
        <RulePackage UniqueID="VALIDATION_RULES" >
            <Rule UniqueID="VALIDATION_RULES_RULE_CURRENT_OWNER" >
                <IfStep Name="IF_NO_CURRENT_OWNER_CHECK" >
                    <SimpleCondition Operation="NotExists" >
                        <LHS Reference="OUTBREAK_OWNER" />
                    </SimpleCondition>
                    <TrueBlock >
                        <FlagStep UniqueID="NO_CURRENT_OWNER_CONCERN" Message="There must be a lead investigator for every outbreak." Type="Concern" Severity="5" />
                    </TrueBlock>
                    <ElseBlock >
                        <FlagStep UniqueID="VALIDATION_RULES_RULE_CURRENT_OWNER_TASK_ASSIGN_OUTBREAK" Message="User the outbreak is assigned:" Type="Task" Owner="OUTBREAK_OWNER" Severity="4" TaskType="Task assignment" />
                    </ElseBlock>
                </IfStep>
            </Rule>
        </RulePackage>
        <RulePackage UniqueID="BUSINESS_RULES" >
            <Rule UniqueID="OUTBREAK_SUMMARY_RULE" >
                <IfStep Name="OUTBREAK_SUMMARY_RULE" >
                    <SimpleCondition Operation="Exists" >
                        <LHS Reference="OUTBREAK_CLOSED_DATE" />
                    </SimpleCondition>
                    <TrueBlock >
                        <FlagStep UniqueID="OUTBREAK_SUMMARY_REPORT_TASK" Message="The outbreak summary report is due 30 days after the outbreak is closed" Type="Task" DueDate="ComputeDate(OUTBREAK_CLOSED_DATE,30)" Owner="OUTBREAK_OWNER" />
                    </TrueBlock>
                </IfStep>
            </Rule>
        </RulePackage>
    </RulePackages>
    <TransformationRulePackages >
        <RulePackage UniqueID="TRANSFORM_RULES_PLACEHOLDER" />
    </TransformationRulePackages>
    <Tables>
    </Tables>
    <Folders Name="/" />
</Model>
